----------------------------------------------------Customer--------------------------------------------------------
INSERT INTO customer (id, full_name, sin_number, address, date_of_registration, phone_number)
	VALUES (334455, 'Fayer Zhang', '112233445', '456 Ottawa Rd, Ottawa, ON', '2021-3-18', '613-523-3467');
INSERT INTO customer (id, full_name, sin_number, address, date_of_registration, phone_number)
	VALUES (135790, 'Nancy Wu', '456789012', '333 Toronto Rd, Toronto, ON', '2021-3-17', '613-248-9058');
INSERT INTO customer (id, full_name, sin_number, address, date_of_registration, phone_number)
	VALUES (334456, 'Tom Tompson', '112233446', '457 Ottawa Rd, Ottawa, ON', '2021-02-08', '613-526-4400');
INSERT INTO customer (id, full_name, sin_number, address, date_of_registration, phone_number)
	VALUES (135792, 'David James', '456789013', '444 Toronto Rd, Toronto, ON', '2021-01-12', '613-244-0118');
INSERT INTO customer (id, full_name, sin_number, address, date_of_registration, phone_number)
	VALUES (135793, 'Anthony Alexander', '456789025', '666 Main Rd, Toronto, ON', '2021-01-12', '613-736-7500');

INSERT INTO customer (id, full_name, sin_number, address, date_of_registration, phone_number)
	VALUES (100001, 'Emma White', '123456788', '631 Industrial Ave, Guelph, ON', '2021-3-19', '613-738-7942');
INSERT INTO customer (id, full_name, sin_number, address, date_of_registration, phone_number)
	VALUES (100002, 'Joyce Taylor', '223456789', '2800 Lancaster Rd, Waterloo, ON', '2020-12-17', '613-742-1800');
INSERT INTO customer (id, full_name, sin_number, address, date_of_registration, phone_number)
	VALUES (100003, 'Gloria Harris', '323456789', '1583 Alta Vista Dr, Ottawa, ON', '2020-11-08', '613-238-5885');
INSERT INTO customer (id, full_name, sin_number, address, date_of_registration, phone_number)
	VALUES (100004, 'Bella Clark', '423456789', '1611 Bank St, Toronto, ON', '2021-01-14', '613-248-9459');
INSERT INTO customer (id, full_name, sin_number, address, date_of_registration, phone_number)
	VALUES (100005, 'Selina Walker', '523456789', '2277 Riverside Dr, Ottawa, ON', '2020-12-12', '613-842-8101');

INSERT INTO customer (id, full_name, sin_number, address, date_of_registration, phone_number)
	VALUES (100006, 'Edith Cox', '623456789', '423 Cumberland St, Cambridge, ON', '2021-01-19', '613-235-5522');
INSERT INTO customer (id, full_name, sin_number, address, date_of_registration, phone_number)
	VALUES (100007, 'Warren Howard', '723456789', '2016 Ogilvie Rd, Markham, ON', '2020-11-11', '613-731-9236');
INSERT INTO customer (id, full_name, sin_number, address, date_of_registration, phone_number)
	VALUES (100008, 'Abel Ramirez', '823456789', '585 Montreal Rd, Milton, ON', '2021-03-08', '613-842-8024');
INSERT INTO customer (id, full_name, sin_number, address, date_of_registration, phone_number)
	VALUES (100009, 'Ben Cooper', '923456789', '100 Metcalfe St, Toronto, ON', '2021-01-15', '613-523-7491');
INSERT INTO customer (id, full_name, sin_number, address, date_of_registration, phone_number)
	VALUES (100010, 'Carl Ross', '133456789', '2330 Queen St, Kitchener, ON', '2020-12-10', '613-744-3401');

INSERT INTO customer (id, full_name, sin_number, address, date_of_registration, phone_number)
	VALUES (100011, 'Caiden Long', '143456789', '993 Richmond Rd, Toronto, ON', '2020-11-19', '613-842-4861');
INSERT INTO customer (id, full_name, sin_number, address, date_of_registration, phone_number)
	VALUES (100012, 'Alex Bulter', '153456789', '1406 Prince of Wales Dr, Ottawa, ON', '2020-11-15', '613-260-3064');
INSERT INTO customer (id, full_name, sin_number, address, date_of_registration, phone_number)
	VALUES (100013, 'Nick Simmons', '163456789', '204 Victoria Rd S, Guelph, ON', '2021-03-11', '613-742-7700');
INSERT INTO customer (id, full_name, sin_number, address, date_of_registration, phone_number)
	VALUES (100014, 'Diego Foster', '173456789', '698 Woolwich St, Scarborough, ON', '2021-02-28', '613-260-1440');
INSERT INTO customer (id, full_name, sin_number, address, date_of_registration, phone_number)
	VALUES (100015, 'Eve Bryant', '183456789', '138 Woodlawn Rd W, Kitchener, ON', '2020-12-22', '613-741-8216');

INSERT INTO customer (id, full_name, sin_number, address, date_of_registration, phone_number)
	VALUES (100016, 'Irene Morris', '193456789', '2946 Charleton Ave, Hamilton, ON', '2020-11-23', '613-736-0428');
INSERT INTO customer (id, full_name, sin_number, address, date_of_registration, phone_number)
	VALUES (100017, 'Andrew Rogers', '233456789', '3212 Charleton Ave, Hamilton, ON', '2020-12-18', '613-789-6444');
INSERT INTO customer (id, full_name, sin_number, address, date_of_registration, phone_number)
	VALUES (100018, 'Tina Reed', '333456789', '2968 Blanshard, Victoria, BC', '2021-03-09', '613-749-8851');
INSERT INTO customer (id, full_name, sin_number, address, date_of_registration, phone_number)
	VALUES (100019, 'Randy Morgan', '433456789', '969 Brand Road, Saskatoon, ON', '2020-10-28', '613-741-2124');
INSERT INTO customer (id, full_name, sin_number, address, date_of_registration, phone_number)
	VALUES (100020, 'Tommy Bell', '533456789', '1171 Central Pkwy, Malton, ON', '2020-12-25', '613-741-3085');

INSERT INTO customer (id, full_name, sin_number, address, date_of_registration, phone_number)
	VALUES (100021, 'Jacob Roberts', '633456789', '2158 Sherbrooke Ouest, Montreal, QC', '2021-01-22', '613-226-3269');
INSERT INTO customer (id, full_name, sin_number, address, date_of_registration, phone_number)
	VALUES (100022, 'Jeffery Turner', '733456789', '34661 Halsey Avenue, Toronto, ON', '2020-12-23', '613-736-9118');
INSERT INTO customer (id, full_name, sin_number, address, date_of_registration, phone_number)
	VALUES (100023, 'John Collins', '833456789', '695 Oakland Ave, Sault Ste Marie, QC', '2021-03-07', '613-232-8910');
INSERT INTO customer (id, full_name, sin_number, address, date_of_registration, phone_number)
	VALUES (100024, 'Jarret Murphy', '933456789', '3873 Robson St, Vancouver, BC', '2020-11-24', '613-789-3323');
INSERT INTO customer (id, full_name, sin_number, address, date_of_registration, phone_number)
	VALUES (100025, 'Jace Rivera', '143456789', '2905 Wellington Ave, Chilliwack, ON', '2020-11-25', '613-837-7071');

INSERT INTO customer (id, full_name, sin_number, address, date_of_registration, phone_number)
	VALUES (213412, 'Xiaoxuan Wang', '123456789', '2732 Water Street, Kitchener, ON', '2021-02-21', '819-561-0296');
INSERT INTO customer (id, full_name, sin_number, address, date_of_registration, phone_number)
	VALUES (100026, 'Leon Wright', '243456789', '4305 Alness Street, Toronto, Toronto, ON', '2020-12-26', '613-824-5125');
INSERT INTO customer (id, full_name, sin_number, address, date_of_registration, phone_number)
	VALUES (100027, 'Paul Lopez', '343456789', '1747 chemin Hudson, Montreal, QC', '2021-03-02', '613-521-0884');
INSERT INTO customer (id, full_name, sin_number, address, date_of_registration, phone_number)
	VALUES (100028, 'Johnny Baker', '443456789', '4360 Wellington Ave, Chilliwack, BC', '2020-11-16', '613-232-5021');
INSERT INTO customer (id, full_name, sin_number, address, date_of_registration, phone_number)
	VALUES (100029, 'Abel Adams', '543456789', '1306 99th St, Grande Prairie, QC', '2020-11-24', '613-725-3275');
	
----------------------------------------------------Employee--------------------------------------------------------
INSERT INTO employee (id, full_name, sin_number, address, salary, role)
	VALUES ('335577', 'Feier Zhang', '334455667', '123 Ottawa Rd, Ottawa, ON', 1000, 'front desk employee');
INSERT INTO employee (id, full_name, sin_number, address, salary, role)
	VALUES ('335578', 'John Joseph', '334455668', '123 Quebec Rd, Ottawa, ON', 2000, 'manager');
INSERT INTO employee (id, full_name, sin_number, address, salary, role)
	VALUES ('335579', 'Daniel George', '334455669', '77 Watson Rd, Toronto, ON', 1000, 'front desk employee');
INSERT INTO employee (id, full_name, sin_number, address, salary, role)
	VALUES ('335580', 'Mark Donald', '334455670', '95 Charles Rd, Toronto, ON', 1000, 'front desk employee');
INSERT INTO employee (id, full_name, sin_number, address, salary, role)
	VALUES ('123233', 'Jake Wang', '278459354', '423 Foo Rd, Ottawa, ON', 10000, 'software developer');

INSERT INTO employee (id, full_name, sin_number, address, salary, role)
	VALUES ('335581', 'Andrew Johnson', '334455671', '2529 Victoria Park Ave, Toronto, ON', 5500, 'hall manager');
INSERT INTO employee (id, full_name, sin_number, address, salary, role)
	VALUES ('335582', 'Alonso Williams', '334455672', '2529 Islington Ave, Toronto, ON', 5000, 'front desk technician');
INSERT INTO employee (id, full_name, sin_number, address, salary, role)
	VALUES ('335583', 'Vince Brown', '334455673', '3448 Manitoba Street, Bracebridge, ON', 2000, 'front desk employee');
INSERT INTO employee (id, full_name, sin_number, address, salary, role)
	VALUES ('335584', 'Gwendolyn Davis', '334455674', '2619 St Marys Rd, Winnipeg, MB', 1000, 'front desk employee');
INSERT INTO employee (id, full_name, sin_number, address, salary, role)
	VALUES ('335585', 'Kelly Miller', '334455675', '2340 Ross Street, Perth, ON', 9000, 'manager');

INSERT INTO employee (id, full_name, sin_number, address, salary, role)
	VALUES ('335586', 'Fred Moore', '334455676', '4870 47th Avenue, Carcross, ON', 5600, 'hall manager');
INSERT INTO employee (id, full_name, sin_number, address, salary, role)
	VALUES ('335587', 'Randy Anderson', '334455677', '2331 Carling Avenue, Ottawa, ON', 800, 'hotel welcome staff');
INSERT INTO employee (id, full_name, sin_number, address, salary, role)
	VALUES ('335588', 'Tina Martin', '334455678', '2752 avenue Royale, Quebec, QC', 800, 'hotel welcome staff');
INSERT INTO employee (id, full_name, sin_number, address, salary, role)
	VALUES ('335589', 'Solomon Garcia', '334455679', '1481 Jade St, Richmond, ON', 2333, 'front desk employee');
INSERT INTO employee (id, full_name, sin_number, address, salary, role)
	VALUES ('335590', 'May Hernandez', '334455680', '2057 Runnymede Rd, Toronto, ON', 7000, 'manager');

INSERT INTO employee (id, full_name, sin_number, address, salary, role)
	VALUES ('335591', 'Aurora Hernandez', '334455681', '2327 Bay Street, Toronto, ON', 5800, 'manager');
INSERT INTO employee (id, full_name, sin_number, address, salary, role)
	VALUES ('335592', 'Colin King', '334455682', '255 Summerfield Blvd, Camrose, ON', 820, 'hotel welcome staff');
INSERT INTO employee (id, full_name, sin_number, address, salary, role)
	VALUES ('335593', 'Henry Scott', '334455683', '1846 Sherbrooke Ouest, Montreal, QC', 1200, 'front desk employee');
INSERT INTO employee (id, full_name, sin_number, address, salary, role)
	VALUES ('335594', 'Howard Wright', '334455684', '4163 Pearl Street, Streetsville, ON', 2300, 'front desk employee');
INSERT INTO employee (id, full_name, sin_number, address, salary, role)
	VALUES ('335595', 'Hayes Baker', '334455685', '2583 Park Ct, Peers, ON', 6500, 'manager');

INSERT INTO employee (id, full_name, sin_number, address, salary, role)
	VALUES ('335596', 'Knox Hill', '334455686', '1818 Toy Avenue, Oshawa, ON', 1500, 'front desk employee');
INSERT INTO employee (id, full_name, sin_number, address, salary, role)
	VALUES ('335597', 'Kenny Nelson', '334455687', '2047 Sixth Street, New Westminster, BC', 830, 'hotel welcome staff');
INSERT INTO employee (id, full_name, sin_number, address, salary, role)
	VALUES ('335598', 'Kincaid Carter', '334455688', '111 Churchill Plaza, Sault Ste Marie, QC', 1200, 'front desk employee');
INSERT INTO employee (id, full_name, sin_number, address, salary, role)
	VALUES ('335599', 'Ken Perez', '334455689', '227 Brock Rd S, Puslinch, ON', 2300, 'front desk employee');
INSERT INTO employee (id, full_name, sin_number, address, salary, role)
	VALUES ('335600', 'Katie Mitchell', '334455690', '304 Grand River St N, Paris, ON', 6600, 'manager');

INSERT INTO employee (id, full_name, sin_number, address, salary, role)
	VALUES ('335601', 'Aaron Reed', '334455691', '648 Colborne St, Brantford, ON', 1503, 'front desk employee');
INSERT INTO employee (id, full_name, sin_number, address, salary, role)
	VALUES ('335602', 'Bill Campbell', '334455692', '1595 W Broadway Unit 101, Vancouver, BC', 832, 'hotel welcome staff');
INSERT INTO employee (id, full_name, sin_number, address, salary, role)
	VALUES ('335603', 'Carl Stewart', '334455693', '1001 Denman St, Vancouver, BC', 1200, 'front desk employee');
INSERT INTO employee (id, full_name, sin_number, address, salary, role)
	VALUES ('335604', 'Glen Sanchez', '334455694', '16033 108 Ave Unit 408, Surrey, BC', 2302, 'front desk employee');
INSERT INTO employee (id, full_name, sin_number, address, salary, role)
	VALUES ('335605', 'Alva Morgan', '334455695', '9595 King George Blvd, Surrey, BC', 6550, 'manager');

INSERT INTO employee (id, full_name, sin_number, address, salary, role)
	VALUES ('335606', 'Snuffel Bell', '334455696', '993 Richmond Rd, Ottawa, ON', 3500, 'hall manager');
INSERT INTO employee (id, full_name, sin_number, address, salary, role)
	VALUES ('335607', 'Van Rivera', '334455697', '5915 Perth St, Richmond, ON', 4832, 'front desk technician');
INSERT INTO employee (id, full_name, sin_number, address, salary, role)
	VALUES ('335608', 'Isla Cox', '334455698', '2140 31, Winchester, ON', 1205, 'front desk employee');
INSERT INTO employee (id, full_name, sin_number, address, salary, role)
	VALUES ('335609', 'Kevin Howard', '334455699', '415 Montée de la Source, Cantley, QC', 1302, 'front desk employee');
INSERT INTO employee (id, full_name, sin_number, address, salary, role)
	VALUES ('335610', 'Bryson Torres', '334455700', '740 Montée Paiement, Gatineau, QC', 6556, 'manager');

INSERT INTO employee (id, full_name, sin_number, address, salary, role)
	VALUES ('335611', 'Buda Gary', '334455701', '4454 Innes Rd, Orléans, ON', 3505, 'manager');
INSERT INTO employee (id, full_name, sin_number, address, salary, role)
	VALUES ('335612', 'Buddy Price', '334455702', '1910 Merivale Rd, Nepean, ON', 4835, 'front desk technician');
INSERT INTO employee (id, full_name, sin_number, address, salary, role)
	VALUES ('335613', 'Buster Barnes', '334455703', '3580 Strandherd Dr, Nepean, ON', 1207, 'front desk employee');
INSERT INTO employee (id, full_name, sin_number, address, salary, role)
	VALUES ('335614', 'Van Wood', '334455704', '200 Prom. du Portage, Gatineau, QC', 1400, 'front desk employee');
INSERT INTO employee (id, full_name, sin_number, address, salary, role)
	VALUES ('335615', 'Caiden Perry', '334455705', '650 Boulevard Saint-Joseph, Gatineau, QC', 6552, 'manager');

INSERT INTO employee (id, full_name, sin_number, address, salary, role)
	VALUES ('335616', 'Alice Powell', '334455706', '2100 Hunt Club Rd, Ottawa, ON', 5300, 'manager');
INSERT INTO employee (id, full_name, sin_number, address, salary, role)
	VALUES ('335617', 'Amy Patterson', '334455707', '10483 Hwy 7 & 15, Carleton Place, ON', 825, 'hotel welcome staff');
INSERT INTO employee (id, full_name, sin_number, address, salary, role)
	VALUES ('335618', 'Cerimey Hughes', '334455708', '1700 Ferguson Falls Rd, Lanark, ON', 1209, 'front desk employee');
INSERT INTO employee (id, full_name, sin_number, address, salary, role)
	VALUES ('335619', 'Colin Washington', '334455709', '105 Sadler Dr, Almonte, ON', 1403, 'front desk employee');
INSERT INTO employee (id, full_name, sin_number, address, salary, role)
	VALUES ('335620', 'Chase Butler', '334455710', '98 Dufferin St, Perth, ON', 6553, 'manager');

INSERT INTO employee (id, full_name, sin_number, address, salary, role)
	VALUES ('335621', 'Blacky Martinez', '334455711', '1001 Highland Line, McDonalds Corners, ON', 5330, 'manager');
INSERT INTO employee (id, full_name, sin_number, address, salary, role)
	VALUES ('335622', 'Buzz Thomas', '334455712', '14121 ON-62, Madoc, ON', 820, 'hotel welcome staff');
INSERT INTO employee (id, full_name, sin_number, address, salary, role)
	VALUES ('335623', 'Andy Miller', '334455713', '68 Matthew St, Marmora, ON', 6209, 'front desk technician');
INSERT INTO employee (id, full_name, sin_number, address, salary, role)
	VALUES ('335624', 'Amelia Wilson', '334455714', '50 Ottawa St W, Havelock, ON', 1403, 'front desk employee');
INSERT INTO employee (id, full_name, sin_number, address, salary, role)
	VALUES ('335625', 'Bucs Garcia', '334455715', '949 Highway 7 East, Peterborough, ON', 1553, 'front desk employee');

INSERT INTO employee (id, full_name, sin_number, address, salary, role)
	VALUES ('335626', 'Larissa Clark', '334455716', '599 Brealey Dr, Peterborough, ON', 4332, 'hall manager');
INSERT INTO employee (id, full_name, sin_number, address, salary, role)
	VALUES ('335627', 'Tankard Lewis', '334455717', '1805 Scugog St, Port Perry, ON', 827, 'hotel welcome staff');
INSERT INTO employee (id, full_name, sin_number, address, salary, role)
	VALUES ('335628', 'Aidan Lee', '334455718', '5899 Baldwin St S, Whitby, ON', 5210, 'front desk technician');
INSERT INTO employee (id, full_name, sin_number, address, salary, role)
	VALUES ('335629', 'Karen Hall', '334455719', '290 Rossland Rd E, Ajax, ON', 1412, 'front desk employee');
INSERT INTO employee (id, full_name, sin_number, address, salary, role)
	VALUES ('335630', 'Jacquelyn Allen', '334455720', '742 Kingston Rd, Pickering, ON', 1300, 'front desk employee');

INSERT INTO employee (id, full_name, sin_number, address, salary, role)
	VALUES ('335631', 'Hailey Davis', '334455721', '1800 Sheppard Ave E Unit 1049, North York, ON', 4330, 'hall manager');
INSERT INTO employee (id, full_name, sin_number, address, salary, role)
	VALUES ('335632', 'Jessie Jones', '334455722', '105 Moatfield Dr, North York, ON', 828, 'hotel welcome staff');
INSERT INTO employee (id, full_name, sin_number, address, salary, role)
	VALUES ('335633', 'Abby Taylor', '334455723', '116 Queens Plate Dr, Etobicoke, ON', 5220, 'front desk employee');
INSERT INTO employee (id, full_name, sin_number, address, salary, role)
	VALUES ('335634', 'Anne Harris', '334455724', '6977 Vanguard Dr, Mississauga, ON', 1420, 'front desk employee');
INSERT INTO employee (id, full_name, sin_number, address, salary, role)
	VALUES ('335635', 'Loren Garcia', '334455725', '715 Renforth Ave, Etobicoke, ON', 7300, 'manager');

--------------------------------------------------Employment--------------------------------------------------------
INSERT INTO employment (hotel_brand_name, hotel_name, employee_id)
	VALUES ('Hilton', 'Double Tree', 335577);
INSERT INTO employment (hotel_brand_name, hotel_name, employee_id)
	VALUES ('Hilton', 'Double Tree', 123233);
INSERT INTO employment (hotel_brand_name, hotel_name, employee_id)
	VALUES ('Hilton', 'Hilton Garden Inn', 335578);
INSERT INTO employment (hotel_brand_name, hotel_name, employee_id)
	VALUES ('Hilton', 'Hilton Garden Inn', 335581);
INSERT INTO employment (hotel_brand_name, hotel_name, employee_id)
	VALUES ('Hilton', 'Hampton', 335582);
INSERT INTO employment (hotel_brand_name, hotel_name, employee_id)
	VALUES ('Hilton', 'Hampton', 335583);
INSERT INTO employment (hotel_brand_name, hotel_name, employee_id)
	VALUES ('Hilton', 'Embassy Suites', 335584);
INSERT INTO employment (hotel_brand_name, hotel_name, employee_id)
	VALUES ('Hilton', 'Embassy Suites', 335585);
INSERT INTO employment (hotel_brand_name, hotel_name, employee_id)
	VALUES ('Hilton', 'CONRAD', 335586);
INSERT INTO employment (hotel_brand_name, hotel_name, employee_id)
	VALUES ('Hilton', 'CONRAD', 335587);

INSERT INTO employment (hotel_brand_name, hotel_name, employee_id)
	VALUES ('Marriott', 'Sheraton', 335579);
INSERT INTO employment (hotel_brand_name, hotel_name, employee_id)
	VALUES ('Marriott', 'Sheraton', 335588);
INSERT INTO employment (hotel_brand_name, hotel_name, employee_id)
	VALUES ('Marriott', 'Delta', 335580);
INSERT INTO employment (hotel_brand_name, hotel_name, employee_id)
	VALUES ('Marriott', 'Delta', 335589);
INSERT INTO employment (hotel_brand_name, hotel_name, employee_id)
	VALUES ('Marriott', 'Courtyard', 335590);
INSERT INTO employment (hotel_brand_name, hotel_name, employee_id)
	VALUES ('Marriott', 'Courtyard', 335591);
INSERT INTO employment (hotel_brand_name, hotel_name, employee_id)
	VALUES ('Marriott', 'FairfieldInn', 335592);
INSERT INTO employment (hotel_brand_name, hotel_name, employee_id)
	VALUES ('Marriott', 'FairfieldInn', 335593);
INSERT INTO employment (hotel_brand_name, hotel_name, employee_id)
	VALUES ('Marriott', 'ResidenceInn', 335594);
INSERT INTO employment (hotel_brand_name, hotel_name, employee_id)
	VALUES ('Marriott', 'ResidenceInn', 335595);

INSERT INTO employment (hotel_brand_name, hotel_name, employee_id)
	VALUES ('Fruit', 'Apple', 335596);
INSERT INTO employment (hotel_brand_name, hotel_name, employee_id)
	VALUES ('Fruit', 'Apple', 335597);
INSERT INTO employment (hotel_brand_name, hotel_name, employee_id)
	VALUES ('Fruit', 'Kiwi', 335598);
INSERT INTO employment (hotel_brand_name, hotel_name, employee_id)
	VALUES ('Fruit', 'Kiwi', 335599);
INSERT INTO employment (hotel_brand_name, hotel_name, employee_id)
	VALUES ('Fruit', 'Lemon', 335600);
INSERT INTO employment (hotel_brand_name, hotel_name, employee_id)
	VALUES ('Fruit', 'Lemon', 335601);
INSERT INTO employment (hotel_brand_name, hotel_name, employee_id)
	VALUES ('Fruit', 'Orange', 335602);
INSERT INTO employment (hotel_brand_name, hotel_name, employee_id)
	VALUES ('Fruit', 'Orange', 335603);
INSERT INTO employment (hotel_brand_name, hotel_name, employee_id)
	VALUES ('Fruit', 'Pear', 335604);
INSERT INTO employment (hotel_brand_name, hotel_name, employee_id)
	VALUES ('Fruit', 'Pear', 335605);

INSERT INTO employment (hotel_brand_name, hotel_name, employee_id)
	VALUES ('Galaxy', 'Jupiter', 335606);
INSERT INTO employment (hotel_brand_name, hotel_name, employee_id)
	VALUES ('Galaxy', 'Jupiter', 335607);
INSERT INTO employment (hotel_brand_name, hotel_name, employee_id)
	VALUES ('Galaxy', 'Mars', 335608);
INSERT INTO employment (hotel_brand_name, hotel_name, employee_id)
	VALUES ('Galaxy', 'Mars', 335609);
INSERT INTO employment (hotel_brand_name, hotel_name, employee_id)
	VALUES ('Galaxy', 'Saturn', 335610);
INSERT INTO employment (hotel_brand_name, hotel_name, employee_id)
	VALUES ('Galaxy', 'Saturn', 335611);
INSERT INTO employment (hotel_brand_name, hotel_name, employee_id)
	VALUES ('Galaxy', 'Uranus', 335612);
INSERT INTO employment (hotel_brand_name, hotel_name, employee_id)
	VALUES ('Galaxy', 'Uranus', 335613);
INSERT INTO employment (hotel_brand_name, hotel_name, employee_id)
	VALUES ('Galaxy', 'Venus', 335614);
INSERT INTO employment (hotel_brand_name, hotel_name, employee_id)
	VALUES ('Galaxy', 'Venus', 335615);

INSERT INTO employment (hotel_brand_name, hotel_name, employee_id)
	VALUES ('Geometric', 'Circle', 335616);
INSERT INTO employment (hotel_brand_name, hotel_name, employee_id)
	VALUES ('Geometric', 'Circle', 335617);
INSERT INTO employment (hotel_brand_name, hotel_name, employee_id)
	VALUES ('Geometric', 'Diamond', 335618);
INSERT INTO employment (hotel_brand_name, hotel_name, employee_id)
	VALUES ('Geometric', 'Diamond', 335619);
INSERT INTO employment (hotel_brand_name, hotel_name, employee_id)
	VALUES ('Geometric', 'Rectangle', 335620);
INSERT INTO employment (hotel_brand_name, hotel_name, employee_id)
	VALUES ('Geometric', 'Rectangle', 335621);
INSERT INTO employment (hotel_brand_name, hotel_name, employee_id)
	VALUES ('Geometric', 'Square', 335622);
INSERT INTO employment (hotel_brand_name, hotel_name, employee_id)
	VALUES ('Geometric', 'Square', 335623);
INSERT INTO employment (hotel_brand_name, hotel_name, employee_id)
	VALUES ('Geometric', 'Trapezoid', 335624);
INSERT INTO employment (hotel_brand_name, hotel_name, employee_id)
	VALUES ('Geometric', 'Trapezoid', 335625);

INSERT INTO employment (hotel_brand_name, hotel_name, employee_id)
	VALUES ('Hyatt', 'Grand Hyatt', 335626);
INSERT INTO employment (hotel_brand_name, hotel_name, employee_id)
	VALUES ('Hyatt', 'Grand Hyatt', 335627);
INSERT INTO employment (hotel_brand_name, hotel_name, employee_id)
	VALUES ('Hyatt', 'Hyatt Place', 335628);
INSERT INTO employment (hotel_brand_name, hotel_name, employee_id)
	VALUES ('Hyatt', 'Hyatt Place', 335629);
INSERT INTO employment (hotel_brand_name, hotel_name, employee_id)
	VALUES ('Hyatt', 'Hyatt Regency', 335630);
INSERT INTO employment (hotel_brand_name, hotel_name, employee_id)
	VALUES ('Hyatt', 'Hyatt Regency', 335631);
INSERT INTO employment (hotel_brand_name, hotel_name, employee_id)
	VALUES ('Hyatt', 'Hyatt Zilara', 335632);
INSERT INTO employment (hotel_brand_name, hotel_name, employee_id)
	VALUES ('Hyatt', 'Hyatt Zilara', 335633);
INSERT INTO employment (hotel_brand_name, hotel_name, employee_id)
	VALUES ('Hyatt', 'Park Hyatt', 335634);
INSERT INTO employment (hotel_brand_name, hotel_name, employee_id)
	VALUES ('Hyatt', 'Park Hyatt', 335635);

--------------------------------------------------Hotel_Brand--------------------------------------------------------
INSERT INTO hotel_brand (hotel_brand_name, main_office_location, physical_address, total_phone_number)
	VALUES ('Hilton', 'Virginia', 'Tysons Corner', '333-340-3340');
INSERT INTO hotel_brand (hotel_brand_name, main_office_location, physical_address, total_phone_number)
	VALUES ('Marriott', 'Maryland', 'Bethesda', '111-120-1120');
INSERT INTO hotel_brand (hotel_brand_name, main_office_location, physical_address, total_phone_number)
	VALUES ('Galaxy', 'Ottawa', 'Ontario', '111-222-3334');
INSERT INTO hotel_brand	(hotel_brand_name, main_office_location, physical_address, total_phone_number)
	VALUES ('Geometric', 'Vancouver', 'British Columbia', '111-333-4445');
INSERT INTO hotel_brand	(hotel_brand_name, main_office_location, physical_address, total_phone_number)
	VALUES ('Hyatt', 'Beijing', 'China', '222-123-7788');
INSERT INTO hotel_brand	(hotel_brand_name, main_office_location, physical_address, total_phone_number)
	VALUES ('Fruit', 'Montreal', 'Quebec', '999-343-2626');

--------------------------------------------Hotel_Brand_email_address------------------------------------------------
INSERT INTO hotel_brand_email_address(hotel_brand_name, email_address)
	VALUES ('Hilton', 'hiltonmain@hilton.com');
INSERT INTO hotel_brand_email_address(hotel_brand_name, email_address)
	VALUES ('Hilton', 'customerservice@hilton.com');

INSERT INTO hotel_brand_email_address(hotel_brand_name, email_address)
	VALUES ('Marriott', 'marriottmain@marriott.com');
INSERT INTO hotel_brand_email_address(hotel_brand_name, email_address)
	VALUES ('Marriott', 'customerservice@marriott.com');

INSERT INTO hotel_brand_email_address(hotel_brand_name, email_address)
	VALUES ('Galaxy', 'galaxymain@galaxy.com');
INSERT INTO hotel_brand_email_address(hotel_brand_name, email_address)
	VALUES ('Galaxy', 'customerservice01@galaxy.com');
INSERT INTO hotel_brand_email_address(hotel_brand_name, email_address)
	VALUES ('Galaxy', 'customerservice02@galaxy.com');	

INSERT INTO hotel_brand_email_address(hotel_brand_name, email_address)
	VALUES ('Geometric', 'geometricmain@geometric.com');
INSERT INTO hotel_brand_email_address(hotel_brand_name, email_address)
	VALUES ('Geometric', 'customerservice01@geometric.com');
INSERT INTO hotel_brand_email_address(hotel_brand_name, email_address)
	VALUES ('Geometric', 'customerservice02@geometric.com');

INSERT INTO hotel_brand_email_address(hotel_brand_name, email_address)
	VALUES ('Hyatt', 'hyattmain@hyatt.com');
INSERT INTO hotel_brand_email_address(hotel_brand_name, email_address)
	VALUES ('Hyatt', 'customerservice@hyatt.com');

INSERT INTO hotel_brand_email_address(hotel_brand_name, email_address)
	VALUES ('Fruit', 'fruitmain@fruit.com');
INSERT INTO hotel_brand_email_address(hotel_brand_name, email_address)
	VALUES ('Fruit', 'customerservice@fruit.com');

--------------------------------------------Hotel_Brand_phone_number-------------------------------------------------
INSERT INTO hotel_brand_phone_number(hotel_brand_name, phone_number)
	VALUES ('Hilton', '333-340-3340');
INSERT INTO hotel_brand_phone_number(hotel_brand_name, phone_number)
	VALUES ('Hilton', '333-340-3341');

INSERT INTO hotel_brand_phone_number(hotel_brand_name, phone_number)
	VALUES ('Marriott', '111-120-1120');
INSERT INTO hotel_brand_phone_number(hotel_brand_name, phone_number)
	VALUES ('Marriott', '111-120-1121');
INSERT INTO hotel_brand_phone_number(hotel_brand_name, phone_number)
	VALUES ('Marriott', '111-120-1122');

INSERT INTO hotel_brand_phone_number(hotel_brand_name, phone_number)
	VALUES ('Fruit', '613-521-0880');
INSERT INTO hotel_brand_phone_number(hotel_brand_name, phone_number)
	VALUES ('Fruit', '613-521-0881');

INSERT INTO hotel_brand_phone_number(hotel_brand_name, phone_number)
	VALUES ('Galaxy', '819-561-0290');
INSERT INTO hotel_brand_phone_number(hotel_brand_name, phone_number)
	VALUES ('Galaxy', '819-561-0291');

INSERT INTO hotel_brand_phone_number(hotel_brand_name, phone_number)
	VALUES ('Geometric', '434-466-8818');

INSERT INTO hotel_brand_phone_number(hotel_brand_name, phone_number)
	VALUES ('Hyatt', '878-888-6560');
INSERT INTO hotel_brand_phone_number(hotel_brand_name, phone_number)
	VALUES ('Hyatt', '878-888-6561');

--------------------------------------------Hotel_phone_number-------------------------------------------------
INSERT INTO hotel_phone_number(hotel_brand_name, hotel_name, phone_number)
	VALUES ('Hilton', 'Double Tree', '333-340-2240');
INSERT INTO hotel_phone_number(hotel_brand_name, hotel_name, phone_number)
	VALUES ('Hilton', 'Hilton Garden Inn', '333-340-2241');
INSERT INTO hotel_phone_number(hotel_brand_name, hotel_name, phone_number)
	VALUES ('Hilton', 'Hilton Garden Inn', '333-340-2242');	
INSERT INTO hotel_phone_number(hotel_brand_name, hotel_name, phone_number)
	VALUES ('Hilton', 'CONRAD', '333-340-2243');
INSERT INTO hotel_phone_number(hotel_brand_name, hotel_name, phone_number)
	VALUES ('Hilton', 'Embassy Suites', '333-340-2244');
INSERT INTO hotel_phone_number(hotel_brand_name, hotel_name, phone_number)
	VALUES ('Hilton', 'Hampton', '333-340-2245');
INSERT INTO hotel_phone_number(hotel_brand_name, hotel_name, phone_number)
	VALUES ('Hilton', 'Hampton', '333-340-2246');	

INSERT INTO hotel_phone_number(hotel_brand_name, hotel_name, phone_number)
	VALUES ('Marriott', 'Sheraton','111-010-1120');
INSERT INTO hotel_phone_number(hotel_brand_name, hotel_name, phone_number)
	VALUES ('Marriott', 'Delta','111-010-1121');
INSERT INTO hotel_phone_number(hotel_brand_name, hotel_name, phone_number)
	VALUES ('Marriott', 'Courtyard','111-010-1122');
INSERT INTO hotel_phone_number(hotel_brand_name, hotel_name, phone_number)
	VALUES ('Marriott', 'Courtyard','111-010-1123');
INSERT INTO hotel_phone_number(hotel_brand_name, hotel_name, phone_number)
	VALUES ('Marriott', 'FairfieldInn','111-010-1124');
INSERT INTO hotel_phone_number(hotel_brand_name, hotel_name, phone_number)
	VALUES ('Marriott', 'FairfieldInn','111-010-1125');
INSERT INTO hotel_phone_number(hotel_brand_name, hotel_name, phone_number)
	VALUES ('Marriott', 'ResidenceInn','111-010-1126');
INSERT INTO hotel_phone_number(hotel_brand_name, hotel_name, phone_number)
	VALUES ('Marriott', 'ResidenceInn','111-010-1127');

INSERT INTO hotel_phone_number(hotel_brand_name, hotel_name, phone_number)
	VALUES ('Galaxy', 'Mars','819-451-0290');
INSERT INTO hotel_phone_number(hotel_brand_name, hotel_name, phone_number)
	VALUES ('Galaxy', 'Mars','819-451-0291');
INSERT INTO hotel_phone_number(hotel_brand_name, hotel_name, phone_number)
	VALUES ('Galaxy', 'Jupiter','819-451-0292');
INSERT INTO hotel_phone_number(hotel_brand_name, hotel_name, phone_number)
	VALUES ('Galaxy', 'Saturn','819-451-0293');
INSERT INTO hotel_phone_number(hotel_brand_name, hotel_name, phone_number)
	VALUES ('Galaxy', 'Saturn','819-451-0294');
INSERT INTO hotel_phone_number(hotel_brand_name, hotel_name, phone_number)
	VALUES ('Galaxy', 'Uranus','819-451-0295');
INSERT INTO hotel_phone_number(hotel_brand_name, hotel_name, phone_number)
	VALUES ('Galaxy', 'Venus','819-451-0296');

INSERT INTO hotel_phone_number(hotel_brand_name, hotel_name, phone_number)
	VALUES ('Fruit', 'Apple','613-411-0880');
INSERT INTO hotel_phone_number(hotel_brand_name, hotel_name, phone_number)
	VALUES ('Fruit', 'Kiwi','613-411-0881');
INSERT INTO hotel_phone_number(hotel_brand_name, hotel_name, phone_number)
	VALUES ('Fruit', 'Lemon','613-411-0882');
INSERT INTO hotel_phone_number(hotel_brand_name, hotel_name, phone_number)
	VALUES ('Fruit', 'Lemon','613-411-0883');
INSERT INTO hotel_phone_number(hotel_brand_name, hotel_name, phone_number)
	VALUES ('Fruit', 'Orange','613-411-0884');
INSERT INTO hotel_phone_number(hotel_brand_name, hotel_name, phone_number)
	VALUES ('Fruit', 'Orange','613-411-0885');
INSERT INTO hotel_phone_number(hotel_brand_name, hotel_name, phone_number)
	VALUES ('Fruit', 'Pear','613-411-0886');
INSERT INTO hotel_phone_number(hotel_brand_name, hotel_name, phone_number)
	VALUES ('Fruit', 'Pear','613-411-0887');

INSERT INTO hotel_phone_number(hotel_brand_name, hotel_name, phone_number)
	VALUES ('Geometric', 'Circle','434-356-8810');
INSERT INTO hotel_phone_number(hotel_brand_name, hotel_name, phone_number)
	VALUES ('Geometric', 'Diamond','434-356-8811');
INSERT INTO hotel_phone_number(hotel_brand_name, hotel_name, phone_number)
	VALUES ('Geometric', 'Diamond','434-356-8812');
INSERT INTO hotel_phone_number(hotel_brand_name, hotel_name, phone_number)
	VALUES ('Geometric', 'Rectangle','434-356-8813');
INSERT INTO hotel_phone_number(hotel_brand_name, hotel_name, phone_number)
	VALUES ('Geometric', 'Rectangle','434-356-8814');
INSERT INTO hotel_phone_number(hotel_brand_name, hotel_name, phone_number)
	VALUES ('Geometric', 'Square','434-356-8815');
INSERT INTO hotel_phone_number(hotel_brand_name, hotel_name, phone_number)
	VALUES ('Geometric', 'Trapezoid','434-356-8816');
INSERT INTO hotel_phone_number(hotel_brand_name, hotel_name, phone_number)
	VALUES ('Geometric', 'Trapezoid','434-356-8817');

INSERT INTO hotel_phone_number(hotel_brand_name, hotel_name, phone_number)
	VALUES ('Hyatt', 'Grand Hyatt','878-778-6560');
INSERT INTO hotel_phone_number(hotel_brand_name, hotel_name, phone_number)
	VALUES ('Hyatt', 'Grand Hyatt','878-778-6561');
INSERT INTO hotel_phone_number(hotel_brand_name, hotel_name, phone_number)
	VALUES ('Hyatt', 'Hyatt Place','878-778-6562');
INSERT INTO hotel_phone_number(hotel_brand_name, hotel_name, phone_number)
	VALUES ('Hyatt', 'Hyatt Regency','878-778-6563');
INSERT INTO hotel_phone_number(hotel_brand_name, hotel_name, phone_number)
	VALUES ('Hyatt', 'Hyatt Zilara','878-778-6564');
INSERT INTO hotel_phone_number(hotel_brand_name, hotel_name, phone_number)
	VALUES ('Hyatt', 'Park Hyatt','878-778-6565');
INSERT INTO hotel_phone_number(hotel_brand_name, hotel_name, phone_number)
	VALUES ('Hyatt', 'Park Hyatt','878-778-6566');

-----------------------------------------------------Hotel-----------------------------------------------------------
INSERT INTO hotel (hotel_brand_name, hotel_name, star_category, number_of_rooms, address, email_address)
	VALUES ('Hilton', 'Double Tree', 5, 100, '108 Chestnut St, Toronto, ON', 'doubletreetrt@hilton.com');
INSERT INTO hotel (hotel_brand_name, hotel_name, star_category, number_of_rooms, address, email_address)
	VALUES ('Hilton', 'Hilton Garden Inn', 4, 200, '92 Peter St, Toronto, ON', 'gardeninntrt@hilton.com');
INSERT INTO hotel (hotel_brand_name, hotel_name, star_category, number_of_rooms, address, email_address)
	VALUES ('Hilton', 'CONRAD', 3, 0, '8 Baseline Rd, Ottawa, ON', 'conrad@hilton.com');
INSERT INTO hotel (hotel_brand_name, hotel_name, star_category, number_of_rooms, address, email_address)
	VALUES ('Hilton', 'Embassy Suites', 4, 0, '60 W 37th St, New York, NY', 'embassysuites@hilton.com');
INSERT INTO hotel (hotel_brand_name, hotel_name, star_category, number_of_rooms, address, email_address)
	VALUES ('Hilton', 'Hampton', 3, 0, '35 Nanjing Rd, Shanghai, China', 'hampton@hilton.com');

INSERT INTO hotel (hotel_brand_name, hotel_name, star_category, number_of_rooms, address, email_address)
	VALUES ('Marriott', 'Sheraton', 4, 50, '123 Queen St W, Toronto, ON', 'sheraton@marriott.com');
INSERT INTO hotel (hotel_brand_name, hotel_name, star_category, number_of_rooms, address, email_address)
	VALUES ('Marriott', 'Delta', 4, 80, '75 Lower Simcoe Street, Toronto, ON', 'delta@marriott.com');
INSERT INTO hotel (hotel_brand_name, hotel_name, star_category, number_of_rooms, address, email_address)
	VALUES ('Marriott', 'Courtyard', 5, 0, '350 Dalhousie St, Ottawa, ON', 'courtyard@marriott.com');
INSERT INTO hotel (hotel_brand_name, hotel_name, star_category, number_of_rooms, address, email_address)
	VALUES ('Marriott', 'FairfieldInn', 3, 0, '35 Cowan Pl, Guelph, ON', 'fairfieldinn@marriott.com');
INSERT INTO hotel (hotel_brand_name, hotel_name, star_category, number_of_rooms, address, email_address)
	VALUES ('Marriott', 'ResidenceInn', 3, 0, '901 W Olympic Blvd, Los Angeles, CA', 'residenceInn@marriott.com');

INSERT INTO hotel (hotel_brand_name, hotel_name, star_category, number_of_rooms, address, email_address)
	VALUES ('Galaxy', 'Mars', 5, 0, '29 Columbia St N, Vancouver, BC', 'mars@galaxy.com');
INSERT INTO hotel (hotel_brand_name, hotel_name, star_category, number_of_rooms, address, email_address)
	VALUES ('Galaxy', 'Jupiter', 4, 0, '8835 Macleod Trail SE, Calgary, AB', 'jupiter@galaxy.com');
INSERT INTO hotel (hotel_brand_name, hotel_name, star_category, number_of_rooms, address, email_address)
	VALUES ('Galaxy', 'Saturn', 3, 0, '55 York St, Toronto, ON', 'saturn@galaxy.com');
INSERT INTO hotel (hotel_brand_name, hotel_name, star_category, number_of_rooms, address, email_address)
	VALUES ('Galaxy', 'Uranus', 4, 0, '145 Jefferson St, San Francisco, CA', 'uranus@galaxy.com');
INSERT INTO hotel (hotel_brand_name, hotel_name, star_category, number_of_rooms, address, email_address)
	VALUES ('Galaxy', 'Venus', 5, 0, '60 George St, Ottawa, ON', 'venus@galaxy.com');

INSERT INTO hotel (hotel_brand_name, hotel_name, star_category, number_of_rooms, address, email_address)
	VALUES ('Geometric', 'Circle', 3, 0, '1771 Walkley Rd, Ottawa, ON', 'circle@geometric.com');
INSERT INTO hotel (hotel_brand_name, hotel_name, star_category, number_of_rooms, address, email_address)
	VALUES ('Geometric', 'Rectangle', 4, 0, '200 University Ave W Suite 111, Waterloo, ON', 'rectangle@geometric.com');
INSERT INTO hotel (hotel_brand_name, hotel_name, star_category, number_of_rooms, address, email_address)
	VALUES ('Geometric', 'Square', 3, 0, '750 Rue Bouvier, Québec, QC', 'square@geometric.com');
INSERT INTO hotel (hotel_brand_name, hotel_name, star_category, number_of_rooms, address, email_address)
	VALUES ('Geometric', 'Trapezoid', 4, 0, '1831 W Burnside St, Portland, OR', 'trapezoid@geometric.com');
INSERT INTO hotel (hotel_brand_name, hotel_name, star_category, number_of_rooms, address, email_address)
	VALUES ('Geometric', 'Diamond', 5, 0, '70 Gerrard St W, Toronto, ON ', 'diamond@geometric.com');

INSERT INTO hotel (hotel_brand_name, hotel_name, star_category, number_of_rooms, address, email_address)
	VALUES ('Hyatt', 'Park Hyatt', 5, 0, '1406 Prince of Wales Dr, Ottawa, ON', 'parkhyatt@hyatt.com');
INSERT INTO hotel (hotel_brand_name, hotel_name, star_category, number_of_rooms, address, email_address)
	VALUES ('Hyatt', 'Grand Hyatt', 5, 0, '2495 Bank St, Cambridge, ON', 'grandhyatt@hyatt.com');
INSERT INTO hotel (hotel_brand_name, hotel_name, star_category, number_of_rooms, address, email_address)
	VALUES ('Hyatt', 'Hyatt Place', 3, 0, '99 Rideau St, Ottawa, ON', 'hyattplace@hyatt.com');
INSERT INTO hotel (hotel_brand_name, hotel_name, star_category, number_of_rooms, address, email_address)
	VALUES ('Hyatt', 'Hyatt Regency', 4, 0, '2016 Ogilvie Rd, Markham, ON', 'hyattregency@hyatt.com');
INSERT INTO hotel (hotel_brand_name, hotel_name, star_category, number_of_rooms, address, email_address)
	VALUES ('Hyatt', 'Hyatt Zilara', 5, 0, '423 Cumberland St, Toronto, ON ', 'hyattzilara@hyatt.com');

INSERT INTO hotel (hotel_brand_name, hotel_name, star_category, number_of_rooms, address, email_address)
	VALUES ('Fruit', 'Apple', 5, 0, '1611 Bank St, Ottawa, ON', 'apple@fruit.com');
INSERT INTO hotel (hotel_brand_name, hotel_name, star_category, number_of_rooms, address, email_address)
	VALUES ('Fruit', 'Orange', 4, 0, '501 Smyth Rd, Toronto, ON', 'orange@fruit.com');
INSERT INTO hotel (hotel_brand_name, hotel_name, star_category, number_of_rooms, address, email_address)
	VALUES ('Fruit', 'Kiwi', 3, 0, '631 Industrial Ave, Guelph, ON', 'kiwi@fruit.com');
INSERT INTO hotel (hotel_brand_name, hotel_name, star_category, number_of_rooms, address, email_address)
	VALUES ('Fruit', 'Lemon', 4, 0, '535 Terminal Ave, Scarborough, ON', 'lemon@fruit.com');
INSERT INTO hotel (hotel_brand_name, hotel_name, star_category, number_of_rooms, address, email_address)
	VALUES ('Fruit', 'Pear', 5, 0, '2100 Hunt Club Rd, Ottawa, ON ', 'pear@fruit.com');

-----------------------------------------------------Room-----------------------------------------------------------
INSERT INTO room (hotel_brand_name, hotel_name, room_id, price, room_capacity)
	VALUES ('Hilton', 'Double Tree', 101, 188.00, 'double');
INSERT INTO room (hotel_brand_name, hotel_name, room_id, price, room_capacity)
	VALUES ('Hilton', 'Double Tree', 102, 128.00, 'double');
INSERT INTO room (hotel_brand_name, hotel_name, room_id, price, room_capacity)
	VALUES ('Hilton', 'Double Tree', 103, 88.00, 'single');
INSERT INTO room (hotel_brand_name, hotel_name, room_id, price, room_capacity)
	VALUES ('Hilton', 'Double Tree', 104, 388.00, 'double');
INSERT INTO room (hotel_brand_name, hotel_name, room_id, price, room_capacity)
	VALUES ('Hilton', 'Double Tree', 105, 88.00, 'single');

INSERT INTO room (hotel_brand_name, hotel_name, room_id, price, room_capacity)
	VALUES ('Hilton', 'Hilton Garden Inn', 101, 108.00, 'single');
INSERT INTO room (hotel_brand_name, hotel_name, room_id, price, room_capacity)
	VALUES ('Hilton', 'Hilton Garden Inn', 102, 118.00, 'double');
INSERT INTO room (hotel_brand_name, hotel_name, room_id, price, room_capacity)
	VALUES ('Hilton', 'Hilton Garden Inn', 103, 158.00, 'double');
INSERT INTO room (hotel_brand_name, hotel_name, room_id, price, room_capacity)
	VALUES ('Hilton', 'Hilton Garden Inn', 104, 218.00, 'double');
INSERT INTO room (hotel_brand_name, hotel_name, room_id, price, room_capacity)
	VALUES ('Hilton', 'Hilton Garden Inn', 105, 258.00, 'double');

INSERT INTO room (hotel_brand_name, hotel_name, room_id, price, room_capacity)
	VALUES ('Hilton', 'Hampton', 101, 105.00, 'single');
INSERT INTO room (hotel_brand_name, hotel_name, room_id, price, room_capacity)
	VALUES ('Hilton', 'Hampton', 102, 128.00, 'double');
INSERT INTO room (hotel_brand_name, hotel_name, room_id, price, room_capacity)
	VALUES ('Hilton', 'Hampton', 103, 88.00, 'single');
INSERT INTO room (hotel_brand_name, hotel_name, room_id, price, room_capacity)
	VALUES ('Hilton', 'Hampton', 104, 288.00, 'double');
INSERT INTO room (hotel_brand_name, hotel_name, room_id, price, room_capacity)
	VALUES ('Hilton', 'Hampton', 105, 88.00, 'single');

INSERT INTO room (hotel_brand_name, hotel_name, room_id, price, room_capacity)
	VALUES ('Hilton', 'Embassy Suites', 101, 234.00, 'double');
INSERT INTO room (hotel_brand_name, hotel_name, room_id, price, room_capacity)
	VALUES ('Hilton', 'Embassy Suites', 102, 355.00, 'double');
INSERT INTO room (hotel_brand_name, hotel_name, room_id, price, room_capacity)
	VALUES ('Hilton', 'Embassy Suites', 103, 88.00, 'single');
INSERT INTO room (hotel_brand_name, hotel_name, room_id, price, room_capacity)
	VALUES ('Hilton', 'Embassy Suites', 104, 276.00, 'double');
INSERT INTO room (hotel_brand_name, hotel_name, room_id, price, room_capacity)
	VALUES ('Hilton', 'Embassy Suites', 105, 106.00, 'single');

INSERT INTO room (hotel_brand_name, hotel_name, room_id, price, room_capacity)
	VALUES ('Hilton', 'CONRAD', 101, 235.00, 'double');
INSERT INTO room (hotel_brand_name, hotel_name, room_id, price, room_capacity)
	VALUES ('Hilton', 'CONRAD', 102, 115.00, 'single');
INSERT INTO room (hotel_brand_name, hotel_name, room_id, price, room_capacity)
	VALUES ('Hilton', 'CONRAD', 103, 98.00, 'single');
INSERT INTO room (hotel_brand_name, hotel_name, room_id, price, room_capacity)
	VALUES ('Hilton', 'CONRAD', 104, 166.00, 'double');
INSERT INTO room (hotel_brand_name, hotel_name, room_id, price, room_capacity)
	VALUES ('Hilton', 'CONRAD', 105, 158.00, 'double');

INSERT INTO room (hotel_brand_name, hotel_name, room_id, price, room_capacity)
	VALUES ('Marriott', 'Sheraton', 101, 208.00, 'single');
INSERT INTO room (hotel_brand_name, hotel_name, room_id, price, room_capacity)
	VALUES ('Marriott', 'Sheraton', 102, 218.00, 'double');
INSERT INTO room (hotel_brand_name, hotel_name, room_id, price, room_capacity)
	VALUES ('Marriott', 'Sheraton', 103, 258.00, 'single');
INSERT INTO room (hotel_brand_name, hotel_name, room_id, price, room_capacity)
	VALUES ('Marriott', 'Sheraton', 104, 228.00, 'double');
INSERT INTO room (hotel_brand_name, hotel_name, room_id, price, room_capacity)
	VALUES ('Marriott', 'Sheraton', 105, 268.00, 'double');

INSERT INTO room (hotel_brand_name, hotel_name, room_id, price, room_capacity)
	VALUES ('Marriott', 'Delta', 101, 236.00, 'double');
INSERT INTO room (hotel_brand_name, hotel_name, room_id, price, room_capacity)
	VALUES ('Marriott', 'Delta', 102, 232.00, 'double');
INSERT INTO room (hotel_brand_name, hotel_name, room_id, price, room_capacity)
	VALUES ('Marriott', 'Delta', 103, 180.00, 'single');
INSERT INTO room (hotel_brand_name, hotel_name, room_id, price, room_capacity)
	VALUES ('Marriott', 'Delta', 104, 239.00, 'double');
INSERT INTO room (hotel_brand_name, hotel_name, room_id, price, room_capacity)
	VALUES ('Marriott', 'Delta', 105, 136.00, 'single');

INSERT INTO room (hotel_brand_name, hotel_name, room_id, price, room_capacity)
	VALUES ('Marriott', 'Courtyard', 101, 355.00, 'double');
INSERT INTO room (hotel_brand_name, hotel_name, room_id, price, room_capacity)
	VALUES ('Marriott', 'Courtyard', 102, 332.00, 'single');
INSERT INTO room (hotel_brand_name, hotel_name, room_id, price, room_capacity)
	VALUES ('Marriott', 'Courtyard', 103, 422.00, 'double');
INSERT INTO room (hotel_brand_name, hotel_name, room_id, price, room_capacity)
	VALUES ('Marriott', 'Courtyard', 104, 298.00, 'single');
INSERT INTO room (hotel_brand_name, hotel_name, room_id, price, room_capacity)
	VALUES ('Marriott', 'Courtyard', 105, 388.00, 'double');

INSERT INTO room (hotel_brand_name, hotel_name, room_id, price, room_capacity)
	VALUES ('Marriott', 'FairfieldInn', 101, 88.00, 'single');
INSERT INTO room (hotel_brand_name, hotel_name, room_id, price, room_capacity)
	VALUES ('Marriott', 'FairfieldInn', 102, 98.00, 'single');
INSERT INTO room (hotel_brand_name, hotel_name, room_id, price, room_capacity)
	VALUES ('Marriott', 'FairfieldInn', 103, 105.00, 'double');
INSERT INTO room (hotel_brand_name, hotel_name, room_id, price, room_capacity)
	VALUES ('Marriott', 'FairfieldInn', 104, 117.00, 'single');
INSERT INTO room (hotel_brand_name, hotel_name, room_id, price, room_capacity)
	VALUES ('Marriott', 'FairfieldInn', 105, 128.00, 'double');

INSERT INTO room (hotel_brand_name, hotel_name, room_id, price, room_capacity)
	VALUES ('Marriott', 'ResidenceInn', 101, 78.00, 'single');
INSERT INTO room (hotel_brand_name, hotel_name, room_id, price, room_capacity)
	VALUES ('Marriott', 'ResidenceInn', 102, 108.00, 'single');
INSERT INTO room (hotel_brand_name, hotel_name, room_id, price, room_capacity)
	VALUES ('Marriott', 'ResidenceInn', 103, 106.00, 'double');
INSERT INTO room (hotel_brand_name, hotel_name, room_id, price, room_capacity)
	VALUES ('Marriott', 'ResidenceInn', 104, 127.00, 'single');
INSERT INTO room (hotel_brand_name, hotel_name, room_id, price, room_capacity)
	VALUES ('Marriott', 'ResidenceInn', 105, 129.00, 'double');

INSERT INTO room (hotel_brand_name, hotel_name, room_id, price, room_capacity)
	VALUES ('Fruit', 'Apple', 101, 278.00, 'double');
INSERT INTO room (hotel_brand_name, hotel_name, room_id, price, room_capacity)
	VALUES ('Fruit', 'Apple', 102, 208.00, 'single');
INSERT INTO room (hotel_brand_name, hotel_name, room_id, price, room_capacity)
	VALUES ('Fruit', 'Apple', 103, 233.00, 'double');
INSERT INTO room (hotel_brand_name, hotel_name, room_id, price, room_capacity)
	VALUES ('Fruit', 'Apple', 104, 157.00, 'single');
INSERT INTO room (hotel_brand_name, hotel_name, room_id, price, room_capacity)
	VALUES ('Fruit', 'Apple', 105, 187.00, 'double');

INSERT INTO room (hotel_brand_name, hotel_name, room_id, price, room_capacity)
	VALUES ('Fruit', 'Kiwi', 101, 96.00, 'single');
INSERT INTO room (hotel_brand_name, hotel_name, room_id, price, room_capacity)
	VALUES ('Fruit', 'Kiwi', 102, 98.00, 'single');
INSERT INTO room (hotel_brand_name, hotel_name, room_id, price, room_capacity)
	VALUES ('Fruit', 'Kiwi', 103, 120.00, 'double');
INSERT INTO room (hotel_brand_name, hotel_name, room_id, price, room_capacity)
	VALUES ('Fruit', 'Kiwi', 104, 99.00, 'single');
INSERT INTO room (hotel_brand_name, hotel_name, room_id, price, room_capacity)
	VALUES ('Fruit', 'Kiwi', 105, 125.00, 'double');

INSERT INTO room (hotel_brand_name, hotel_name, room_id, price, room_capacity)
	VALUES ('Fruit', 'Lemon', 101, 150.00, 'double');
INSERT INTO room (hotel_brand_name, hotel_name, room_id, price, room_capacity)
	VALUES ('Fruit', 'Lemon', 102, 120.00, 'single');
INSERT INTO room (hotel_brand_name, hotel_name, room_id, price, room_capacity)
	VALUES ('Fruit', 'Lemon', 103, 135.00, 'double');
INSERT INTO room (hotel_brand_name, hotel_name, room_id, price, room_capacity)
	VALUES ('Fruit', 'Lemon', 104, 133.00, 'single');
INSERT INTO room (hotel_brand_name, hotel_name, room_id, price, room_capacity)
	VALUES ('Fruit', 'Lemon', 105, 160.00, 'double');

INSERT INTO room (hotel_brand_name, hotel_name, room_id, price, room_capacity)
	VALUES ('Fruit', 'Orange', 101, 125.00, 'double');
INSERT INTO room (hotel_brand_name, hotel_name, room_id, price, room_capacity)
	VALUES ('Fruit', 'Orange', 102, 100.00, 'single');
INSERT INTO room (hotel_brand_name, hotel_name, room_id, price, room_capacity)
	VALUES ('Fruit', 'Orange', 103, 150.00, 'double');
INSERT INTO room (hotel_brand_name, hotel_name, room_id, price, room_capacity)
	VALUES ('Fruit', 'Orange', 104, 105.00, 'single');
INSERT INTO room (hotel_brand_name, hotel_name, room_id, price, room_capacity)
	VALUES ('Fruit', 'Orange', 105, 158.00, 'double');

INSERT INTO room (hotel_brand_name, hotel_name, room_id, price, room_capacity)
	VALUES ('Fruit', 'Pear', 101, 288.00, 'double');
INSERT INTO room (hotel_brand_name, hotel_name, room_id, price, room_capacity)
	VALUES ('Fruit', 'Pear', 102, 218.00, 'single');
INSERT INTO room (hotel_brand_name, hotel_name, room_id, price, room_capacity)
	VALUES ('Fruit', 'Pear', 103, 225.00, 'double');
INSERT INTO room (hotel_brand_name, hotel_name, room_id, price, room_capacity)
	VALUES ('Fruit', 'Pear', 104, 165.00, 'single');
INSERT INTO room (hotel_brand_name, hotel_name, room_id, price, room_capacity)
	VALUES ('Fruit', 'Pear', 105, 187.00, 'double');

INSERT INTO room (hotel_brand_name, hotel_name, room_id, price, room_capacity)
	VALUES ('Galaxy', 'Jupiter', 101, 135.00, 'double');
INSERT INTO room (hotel_brand_name, hotel_name, room_id, price, room_capacity)
	VALUES ('Galaxy', 'Jupiter', 102, 155.00, 'double');
INSERT INTO room (hotel_brand_name, hotel_name, room_id, price, room_capacity)
	VALUES ('Galaxy', 'Jupiter', 103, 165.00, 'double');
INSERT INTO room (hotel_brand_name, hotel_name, room_id, price, room_capacity)
	VALUES ('Galaxy', 'Jupiter', 104, 105.00, 'single');
INSERT INTO room (hotel_brand_name, hotel_name, room_id, price, room_capacity)
	VALUES ('Galaxy', 'Jupiter', 105, 127.00, 'double');

INSERT INTO room (hotel_brand_name, hotel_name, room_id, price, room_capacity)
	VALUES ('Galaxy', 'Mars', 101, 235.00, 'double');
INSERT INTO room (hotel_brand_name, hotel_name, room_id, price, room_capacity)
	VALUES ('Galaxy', 'Mars', 102, 255.00, 'double');
INSERT INTO room (hotel_brand_name, hotel_name, room_id, price, room_capacity)
	VALUES ('Galaxy', 'Mars', 103, 265.00, 'double');
INSERT INTO room (hotel_brand_name, hotel_name, room_id, price, room_capacity)
	VALUES ('Galaxy', 'Mars', 104, 175.00, 'single');
INSERT INTO room (hotel_brand_name, hotel_name, room_id, price, room_capacity)
	VALUES ('Galaxy', 'Mars', 105, 167.00, 'single');

INSERT INTO room (hotel_brand_name, hotel_name, room_id, price, room_capacity)
	VALUES ('Galaxy', 'Saturn', 101, 130.00, 'double');
INSERT INTO room (hotel_brand_name, hotel_name, room_id, price, room_capacity)
	VALUES ('Galaxy', 'Saturn', 102, 77.00, 'single');
INSERT INTO room (hotel_brand_name, hotel_name, room_id, price, room_capacity)
	VALUES ('Galaxy', 'Saturn', 103, 165.00, 'double');
INSERT INTO room (hotel_brand_name, hotel_name, room_id, price, room_capacity)
	VALUES ('Galaxy', 'Saturn', 104, 88.00, 'single');
INSERT INTO room (hotel_brand_name, hotel_name, room_id, price, room_capacity)
	VALUES ('Galaxy', 'Saturn', 105, 127.00, 'double');

INSERT INTO room (hotel_brand_name, hotel_name, room_id, price, room_capacity)
	VALUES ('Galaxy', 'Uranus', 101, 139.00, 'double');
INSERT INTO room (hotel_brand_name, hotel_name, room_id, price, room_capacity)
	VALUES ('Galaxy', 'Uranus', 102, 156.00, 'double');
INSERT INTO room (hotel_brand_name, hotel_name, room_id, price, room_capacity)
	VALUES ('Galaxy', 'Uranus', 103, 162.00, 'double');
INSERT INTO room (hotel_brand_name, hotel_name, room_id, price, room_capacity)
	VALUES ('Galaxy', 'Uranus', 104, 103.00, 'single');
INSERT INTO room (hotel_brand_name, hotel_name, room_id, price, room_capacity)
	VALUES ('Galaxy', 'Uranus', 105, 126.00, 'double');

INSERT INTO room (hotel_brand_name, hotel_name, room_id, price, room_capacity)
	VALUES ('Galaxy', 'Venus', 101, 258.00, 'double');
INSERT INTO room (hotel_brand_name, hotel_name, room_id, price, room_capacity)
	VALUES ('Galaxy', 'Venus', 102, 255.00, 'double');
INSERT INTO room (hotel_brand_name, hotel_name, room_id, price, room_capacity)
	VALUES ('Galaxy', 'Venus', 103, 190.00, 'single');
INSERT INTO room (hotel_brand_name, hotel_name, room_id, price, room_capacity)
	VALUES ('Galaxy', 'Venus', 104, 180.00, 'single');
INSERT INTO room (hotel_brand_name, hotel_name, room_id, price, room_capacity)
	VALUES ('Galaxy', 'Venus', 105, 227.00, 'double');

INSERT INTO room (hotel_brand_name, hotel_name, room_id, price, room_capacity)
	VALUES ('Geometric', 'Circle', 101, 98.00, 'single');
INSERT INTO room (hotel_brand_name, hotel_name, room_id, price, room_capacity)
	VALUES ('Geometric', 'Circle', 102, 128.00, 'double');
INSERT INTO room (hotel_brand_name, hotel_name, room_id, price, room_capacity)
	VALUES ('Geometric', 'Circle', 103, 129.00, 'double');
INSERT INTO room (hotel_brand_name, hotel_name, room_id, price, room_capacity)
	VALUES ('Geometric', 'Circle', 104, 77.00, 'single');
INSERT INTO room (hotel_brand_name, hotel_name, room_id, price, room_capacity)
	VALUES ('Geometric', 'Circle', 105, 112.00, 'double');

INSERT INTO room (hotel_brand_name, hotel_name, room_id, price, room_capacity)
	VALUES ('Geometric', 'Diamond', 101, 198.00, 'single');
INSERT INTO room (hotel_brand_name, hotel_name, room_id, price, room_capacity)
	VALUES ('Geometric', 'Diamond', 102, 228.00, 'double');
INSERT INTO room (hotel_brand_name, hotel_name, room_id, price, room_capacity)
	VALUES ('Geometric', 'Diamond', 103, 229.00, 'double');
INSERT INTO room (hotel_brand_name, hotel_name, room_id, price, room_capacity)
	VALUES ('Geometric', 'Diamond', 104, 177.00, 'single');
INSERT INTO room (hotel_brand_name, hotel_name, room_id, price, room_capacity)
	VALUES ('Geometric', 'Diamond', 105, 212.00, 'double');

INSERT INTO room (hotel_brand_name, hotel_name, room_id, price, room_capacity)
	VALUES ('Geometric', 'Rectangle', 101, 106.00, 'single');
INSERT INTO room (hotel_brand_name, hotel_name, room_id, price, room_capacity)
	VALUES ('Geometric', 'Rectangle', 102, 138.00, 'double');
INSERT INTO room (hotel_brand_name, hotel_name, room_id, price, room_capacity)
	VALUES ('Geometric', 'Rectangle', 103, 119.00, 'double');
INSERT INTO room (hotel_brand_name, hotel_name, room_id, price, room_capacity)
	VALUES ('Geometric', 'Rectangle', 104, 78.00, 'single');
INSERT INTO room (hotel_brand_name, hotel_name, room_id, price, room_capacity)
	VALUES ('Geometric', 'Rectangle', 105, 122.00, 'double');

INSERT INTO room (hotel_brand_name, hotel_name, room_id, price, room_capacity)
	VALUES ('Geometric', 'Square', 101, 97.00, 'single');
INSERT INTO room (hotel_brand_name, hotel_name, room_id, price, room_capacity)
	VALUES ('Geometric', 'Square', 102, 117.00, 'double');
INSERT INTO room (hotel_brand_name, hotel_name, room_id, price, room_capacity)
	VALUES ('Geometric', 'Square', 103, 127.00, 'double');
INSERT INTO room (hotel_brand_name, hotel_name, room_id, price, room_capacity)
	VALUES ('Geometric', 'Square', 104, 87.00, 'single');
INSERT INTO room (hotel_brand_name, hotel_name, room_id, price, room_capacity)
	VALUES ('Geometric', 'Square', 105, 112.00, 'double');

INSERT INTO room (hotel_brand_name, hotel_name, room_id, price, room_capacity)
	VALUES ('Geometric', 'Trapezoid', 101, 132.00, 'double');
INSERT INTO room (hotel_brand_name, hotel_name, room_id, price, room_capacity)
	VALUES ('Geometric', 'Trapezoid', 102, 131.00, 'double');
INSERT INTO room (hotel_brand_name, hotel_name, room_id, price, room_capacity)
	VALUES ('Geometric', 'Trapezoid', 103, 127.00, 'double');
INSERT INTO room (hotel_brand_name, hotel_name, room_id, price, room_capacity)
	VALUES ('Geometric', 'Trapezoid', 104, 119.00, 'single');
INSERT INTO room (hotel_brand_name, hotel_name, room_id, price, room_capacity)
	VALUES ('Geometric', 'Trapezoid', 105, 142.00, 'double');
----
INSERT INTO room (hotel_brand_name, hotel_name, room_id, price, room_capacity)
	VALUES ('Hyatt', 'Grand Hyatt', 101, 232.00, 'double');
INSERT INTO room (hotel_brand_name, hotel_name, room_id, price, room_capacity)
	VALUES ('Hyatt', 'Grand Hyatt', 102, 231.00, 'double');
INSERT INTO room (hotel_brand_name, hotel_name, room_id, price, room_capacity)
	VALUES ('Hyatt', 'Grand Hyatt', 103, 227.00, 'double');
INSERT INTO room (hotel_brand_name, hotel_name, room_id, price, room_capacity)
	VALUES ('Hyatt', 'Grand Hyatt', 104, 219.00, 'single');
INSERT INTO room (hotel_brand_name, hotel_name, room_id, price, room_capacity)
	VALUES ('Hyatt', 'Grand Hyatt', 105, 242.00, 'double');

INSERT INTO room (hotel_brand_name, hotel_name, room_id, price, room_capacity)
	VALUES ('Hyatt', 'Hyatt Place', 101, 98.00, 'single');
INSERT INTO room (hotel_brand_name, hotel_name, room_id, price, room_capacity)
	VALUES ('Hyatt', 'Hyatt Place', 102, 132.00, 'double');
INSERT INTO room (hotel_brand_name, hotel_name, room_id, price, room_capacity)
	VALUES ('Hyatt', 'Hyatt Place', 103, 126.00, 'double');
INSERT INTO room (hotel_brand_name, hotel_name, room_id, price, room_capacity)
	VALUES ('Hyatt', 'Hyatt Place', 104, 91.00, 'single');
INSERT INTO room (hotel_brand_name, hotel_name, room_id, price, room_capacity)
	VALUES ('Hyatt', 'Hyatt Place', 105, 133.00, 'double');

INSERT INTO room (hotel_brand_name, hotel_name, room_id, price, room_capacity)
	VALUES ('Hyatt', 'Hyatt Regency', 101, 190.00, 'double');
INSERT INTO room (hotel_brand_name, hotel_name, room_id, price, room_capacity)
	VALUES ('Hyatt', 'Hyatt Regency', 102, 120.00, 'single');
INSERT INTO room (hotel_brand_name, hotel_name, room_id, price, room_capacity)
	VALUES ('Hyatt', 'Hyatt Regency', 103, 180.00, 'double');
INSERT INTO room (hotel_brand_name, hotel_name, room_id, price, room_capacity)
	VALUES ('Hyatt', 'Hyatt Regency', 104, 130.00, 'single');
INSERT INTO room (hotel_brand_name, hotel_name, room_id, price, room_capacity)
	VALUES ('Hyatt', 'Hyatt Regency', 105, 182.00, 'double');

INSERT INTO room (hotel_brand_name, hotel_name, room_id, price, room_capacity)
	VALUES ('Hyatt', 'Hyatt Zilara', 101, 233.00, 'double');
INSERT INTO room (hotel_brand_name, hotel_name, room_id, price, room_capacity)
	VALUES ('Hyatt', 'Hyatt Zilara', 102, 231.00, 'double');
INSERT INTO room (hotel_brand_name, hotel_name, room_id, price, room_capacity)
	VALUES ('Hyatt', 'Hyatt Zilara', 103, 217.00, 'single');
INSERT INTO room (hotel_brand_name, hotel_name, room_id, price, room_capacity)
	VALUES ('Hyatt', 'Hyatt Zilara', 104, 209.00, 'single');
INSERT INTO room (hotel_brand_name, hotel_name, room_id, price, room_capacity)
	VALUES ('Hyatt', 'Hyatt Zilara', 105, 232.00, 'double');

INSERT INTO room (hotel_brand_name, hotel_name, room_id, price, room_capacity)
	VALUES ('Hyatt', 'Park Hyatt', 101, 202.00, 'double');
INSERT INTO room (hotel_brand_name, hotel_name, room_id, price, room_capacity)
	VALUES ('Hyatt', 'Park Hyatt', 102, 212.00, 'double');
INSERT INTO room (hotel_brand_name, hotel_name, room_id, price, room_capacity)
	VALUES ('Hyatt', 'Park Hyatt', 103, 203.00, 'double');
INSERT INTO room (hotel_brand_name, hotel_name, room_id, price, room_capacity)
	VALUES ('Hyatt', 'Park Hyatt', 104, 189.00, 'single');
INSERT INTO room (hotel_brand_name, hotel_name, room_id, price, room_capacity)
	VALUES ('Hyatt', 'Park Hyatt', 105, 223.00, 'double');

--------------------------------------------------Room_amenity------------------------------------------------------
INSERT INTO room_amenity(hotel_brand_name, hotel_name, room_id, amenity)
	VALUES ('Hilton', 'Double Tree', 101, 'TV');
INSERT INTO room_amenity(hotel_brand_name, hotel_name, room_id, amenity)
	VALUES ('Hilton', 'Double Tree', 101, 'Air Condition');
INSERT INTO room_amenity(hotel_brand_name, hotel_name, room_id, amenity)
	VALUES ('Hilton', 'Double Tree', 101, 'Fridge');
INSERT INTO room_amenity(hotel_brand_name, hotel_name, room_id, amenity)
	VALUES ('Hilton', 'Double Tree', 102, 'TV');
INSERT INTO room_amenity(hotel_brand_name, hotel_name, room_id, amenity)
	VALUES ('Hilton', 'Double Tree', 102, 'Air Condition');
INSERT INTO room_amenity(hotel_brand_name, hotel_name, room_id, amenity)
	VALUES ('Hilton', 'Double Tree', 102, 'Fridge');
INSERT INTO room_amenity(hotel_brand_name, hotel_name, room_id, amenity)
	VALUES ('Hilton', 'Double Tree', 103, 'TV');
INSERT INTO room_amenity(hotel_brand_name, hotel_name, room_id, amenity)
	VALUES ('Hilton', 'Double Tree', 103, 'Air Condition');
INSERT INTO room_amenity(hotel_brand_name, hotel_name, room_id, amenity)
	VALUES ('Hilton', 'Double Tree', 103, 'Fridge');
INSERT INTO room_amenity(hotel_brand_name, hotel_name, room_id, amenity)
	VALUES ('Hilton', 'Double Tree', 104, 'TV');
INSERT INTO room_amenity(hotel_brand_name, hotel_name, room_id, amenity)
	VALUES ('Hilton', 'Double Tree', 104, 'Air Condition');
INSERT INTO room_amenity(hotel_brand_name, hotel_name, room_id, amenity)
	VALUES ('Hilton', 'Double Tree', 104, 'Fridge');
INSERT INTO room_amenity(hotel_brand_name, hotel_name, room_id, amenity)
	VALUES ('Hilton', 'Double Tree', 105, 'TV');
INSERT INTO room_amenity(hotel_brand_name, hotel_name, room_id, amenity)
	VALUES ('Hilton', 'Double Tree', 105, 'Air Condition');
INSERT INTO room_amenity(hotel_brand_name, hotel_name, room_id, amenity)
	VALUES ('Hilton', 'Double Tree', 105, 'Fridge');

INSERT INTO room_amenity(hotel_brand_name, hotel_name, room_id, amenity)
	VALUES ('Hilton', 'Hilton Garden Inn', 101, 'TV');
INSERT INTO room_amenity(hotel_brand_name, hotel_name, room_id, amenity)
	VALUES ('Hilton', 'Hilton Garden Inn', 101, 'Air Condition');
INSERT INTO room_amenity(hotel_brand_name, hotel_name, room_id, amenity)
	VALUES ('Hilton', 'Hilton Garden Inn', 101, 'Fridge');
INSERT INTO room_amenity(hotel_brand_name, hotel_name, room_id, amenity)
	VALUES ('Hilton', 'Hilton Garden Inn', 102, 'TV');
INSERT INTO room_amenity(hotel_brand_name, hotel_name, room_id, amenity)
	VALUES ('Hilton', 'Hilton Garden Inn', 102, 'Air Condition');
INSERT INTO room_amenity(hotel_brand_name, hotel_name, room_id, amenity)
	VALUES ('Hilton', 'Hilton Garden Inn', 102, 'Fridge');
INSERT INTO room_amenity(hotel_brand_name, hotel_name, room_id, amenity)
	VALUES ('Hilton', 'Hilton Garden Inn', 103, 'TV');
INSERT INTO room_amenity(hotel_brand_name, hotel_name, room_id, amenity)
	VALUES ('Hilton', 'Hilton Garden Inn', 103, 'Air Condition');
INSERT INTO room_amenity(hotel_brand_name, hotel_name, room_id, amenity)
	VALUES ('Hilton', 'Hilton Garden Inn', 103, 'Fridge');
INSERT INTO room_amenity(hotel_brand_name, hotel_name, room_id, amenity)
	VALUES ('Hilton', 'Hilton Garden Inn', 104, 'TV');
INSERT INTO room_amenity(hotel_brand_name, hotel_name, room_id, amenity)
	VALUES ('Hilton', 'Hilton Garden Inn', 104, 'Air Condition');
INSERT INTO room_amenity(hotel_brand_name, hotel_name, room_id, amenity)
	VALUES ('Hilton', 'Hilton Garden Inn', 104, 'Fridge');
INSERT INTO room_amenity(hotel_brand_name, hotel_name, room_id, amenity)
	VALUES ('Hilton', 'Hilton Garden Inn', 105, 'TV');
INSERT INTO room_amenity(hotel_brand_name, hotel_name, room_id, amenity)
	VALUES ('Hilton', 'Hilton Garden Inn', 105, 'Air Condition');
INSERT INTO room_amenity(hotel_brand_name, hotel_name, room_id, amenity)
	VALUES ('Hilton', 'Hilton Garden Inn', 105, 'Fridge');

INSERT INTO room_amenity(hotel_brand_name, hotel_name, room_id, amenity)
	VALUES ('Hilton', 'Hampton', 101, 'TV');
INSERT INTO room_amenity(hotel_brand_name, hotel_name, room_id, amenity)
	VALUES ('Hilton', 'Hampton', 101, 'Air Condition');
INSERT INTO room_amenity(hotel_brand_name, hotel_name, room_id, amenity)
	VALUES ('Hilton', 'Hampton', 101, 'Fridge');
INSERT INTO room_amenity(hotel_brand_name, hotel_name, room_id, amenity)
	VALUES ('Hilton', 'Hampton', 102, 'Computer');
INSERT INTO room_amenity(hotel_brand_name, hotel_name, room_id, amenity)
	VALUES ('Hilton', 'Hampton', 102, 'Air Condition');
INSERT INTO room_amenity(hotel_brand_name, hotel_name, room_id, amenity)
	VALUES ('Hilton', 'Hampton', 102, 'Fridge');
INSERT INTO room_amenity(hotel_brand_name, hotel_name, room_id, amenity)
	VALUES ('Hilton', 'Hampton', 103, 'TV');
INSERT INTO room_amenity(hotel_brand_name, hotel_name, room_id, amenity)
	VALUES ('Hilton', 'Hampton', 103, 'Air Condition');
INSERT INTO room_amenity(hotel_brand_name, hotel_name, room_id, amenity)
	VALUES ('Hilton', 'Hampton', 103, 'Fridge');
INSERT INTO room_amenity(hotel_brand_name, hotel_name, room_id, amenity)
	VALUES ('Hilton', 'Hampton', 104, 'Computer');
INSERT INTO room_amenity(hotel_brand_name, hotel_name, room_id, amenity)
	VALUES ('Hilton', 'Hampton', 104, 'Air Condition');
INSERT INTO room_amenity(hotel_brand_name, hotel_name, room_id, amenity)
	VALUES ('Hilton', 'Hampton', 104, 'Wifi');
INSERT INTO room_amenity(hotel_brand_name, hotel_name, room_id, amenity)
	VALUES ('Hilton', 'Hampton', 105, 'TV');
INSERT INTO room_amenity(hotel_brand_name, hotel_name, room_id, amenity)
	VALUES ('Hilton', 'Hampton', 105, 'Air Condition');
INSERT INTO room_amenity(hotel_brand_name, hotel_name, room_id, amenity)
	VALUES ('Hilton', 'Hampton', 105, 'Fridge');

INSERT INTO room_amenity(hotel_brand_name, hotel_name, room_id, amenity)
	VALUES ('Hilton', 'Embassy Suites', 101, 'TV');
INSERT INTO room_amenity(hotel_brand_name, hotel_name, room_id, amenity)
	VALUES ('Hilton', 'Embassy Suites', 101, 'Wifi');
INSERT INTO room_amenity(hotel_brand_name, hotel_name, room_id, amenity)
	VALUES ('Hilton', 'Embassy Suites', 101, 'Fridge');
INSERT INTO room_amenity(hotel_brand_name, hotel_name, room_id, amenity)
	VALUES ('Hilton', 'Embassy Suites', 102, 'Computer');
INSERT INTO room_amenity(hotel_brand_name, hotel_name, room_id, amenity)
	VALUES ('Hilton', 'Embassy Suites', 102, 'Air Condition');
INSERT INTO room_amenity(hotel_brand_name, hotel_name, room_id, amenity)
	VALUES ('Hilton', 'Embassy Suites', 102, 'Fridge');
INSERT INTO room_amenity(hotel_brand_name, hotel_name, room_id, amenity)
	VALUES ('Hilton', 'Embassy Suites', 103, 'TV');
INSERT INTO room_amenity(hotel_brand_name, hotel_name, room_id, amenity)
	VALUES ('Hilton', 'Embassy Suites', 103, 'Air Condition');
INSERT INTO room_amenity(hotel_brand_name, hotel_name, room_id, amenity)
	VALUES ('Hilton', 'Embassy Suites', 103, 'Fridge');
INSERT INTO room_amenity(hotel_brand_name, hotel_name, room_id, amenity)
	VALUES ('Hilton', 'Embassy Suites', 104, 'Computer');
INSERT INTO room_amenity(hotel_brand_name, hotel_name, room_id, amenity)
	VALUES ('Hilton', 'Embassy Suites', 104, 'Air Condition');
INSERT INTO room_amenity(hotel_brand_name, hotel_name, room_id, amenity)
	VALUES ('Hilton', 'Embassy Suites', 104, 'Wifi');
INSERT INTO room_amenity(hotel_brand_name, hotel_name, room_id, amenity)
	VALUES ('Hilton', 'Embassy Suites', 105, 'Computer');
INSERT INTO room_amenity(hotel_brand_name, hotel_name, room_id, amenity)
	VALUES ('Hilton', 'Embassy Suites', 105, 'Air Condition');
INSERT INTO room_amenity(hotel_brand_name, hotel_name, room_id, amenity)
	VALUES ('Hilton', 'Embassy Suites', 105, 'Fridge');

INSERT INTO room_amenity(hotel_brand_name, hotel_name, room_id, amenity)
	VALUES ('Hilton', 'CONRAD', 101, 'TV');
INSERT INTO room_amenity(hotel_brand_name, hotel_name, room_id, amenity)
	VALUES ('Hilton', 'CONRAD', 101, 'Air Condition');
INSERT INTO room_amenity(hotel_brand_name, hotel_name, room_id, amenity)
	VALUES ('Hilton', 'CONRAD', 101, 'Fridge');
INSERT INTO room_amenity(hotel_brand_name, hotel_name, room_id, amenity)
	VALUES ('Hilton', 'CONRAD', 102, 'Computer');
INSERT INTO room_amenity(hotel_brand_name, hotel_name, room_id, amenity)
	VALUES ('Hilton', 'CONRAD', 102, 'Air Condition');
INSERT INTO room_amenity(hotel_brand_name, hotel_name, room_id, amenity)
	VALUES ('Hilton', 'CONRAD', 102, 'Wifi');
INSERT INTO room_amenity(hotel_brand_name, hotel_name, room_id, amenity)
	VALUES ('Hilton', 'CONRAD', 103, 'TV');
INSERT INTO room_amenity(hotel_brand_name, hotel_name, room_id, amenity)
	VALUES ('Hilton', 'CONRAD', 103, 'Air Condition');
INSERT INTO room_amenity(hotel_brand_name, hotel_name, room_id, amenity)
	VALUES ('Hilton', 'CONRAD', 103, 'Fridge');
INSERT INTO room_amenity(hotel_brand_name, hotel_name, room_id, amenity)
	VALUES ('Hilton', 'CONRAD', 104, 'Computer');
INSERT INTO room_amenity(hotel_brand_name, hotel_name, room_id, amenity)
	VALUES ('Hilton', 'CONRAD', 104, 'Air Condition');
INSERT INTO room_amenity(hotel_brand_name, hotel_name, room_id, amenity)
	VALUES ('Hilton', 'CONRAD', 104, 'Wifi');
INSERT INTO room_amenity(hotel_brand_name, hotel_name, room_id, amenity)
	VALUES ('Hilton', 'CONRAD', 105, 'TV');
INSERT INTO room_amenity(hotel_brand_name, hotel_name, room_id, amenity)
	VALUES ('Hilton', 'CONRAD', 105, 'Air Condition');
INSERT INTO room_amenity(hotel_brand_name, hotel_name, room_id, amenity)
	VALUES ('Hilton', 'CONRAD', 105, 'Fridge');


INSERT INTO room_amenity(hotel_brand_name, hotel_name, room_id, amenity)
	VALUES ('Marriott', 'Sheraton', 101, 'TV');
INSERT INTO room_amenity(hotel_brand_name, hotel_name, room_id, amenity)
	VALUES ('Marriott', 'Sheraton', 101, 'Air Condition');
INSERT INTO room_amenity(hotel_brand_name, hotel_name, room_id, amenity)
	VALUES ('Marriott', 'Sheraton', 101, 'Fridge');
INSERT INTO room_amenity(hotel_brand_name, hotel_name, room_id, amenity)
	VALUES ('Marriott', 'Sheraton', 102, 'TV');
INSERT INTO room_amenity(hotel_brand_name, hotel_name, room_id, amenity)
	VALUES ('Marriott', 'Sheraton', 102, 'Air Condition');
INSERT INTO room_amenity(hotel_brand_name, hotel_name, room_id, amenity)
	VALUES ('Marriott', 'Sheraton', 102, 'Fridge');
INSERT INTO room_amenity(hotel_brand_name, hotel_name, room_id, amenity)
	VALUES ('Marriott', 'Sheraton', 103, 'TV');	
INSERT INTO room_amenity(hotel_brand_name, hotel_name, room_id, amenity)
	VALUES ('Marriott', 'Sheraton', 103, 'Air Condition');
INSERT INTO room_amenity(hotel_brand_name, hotel_name, room_id, amenity)
	VALUES ('Marriott', 'Sheraton', 103, 'Fridge');
INSERT INTO room_amenity(hotel_brand_name, hotel_name, room_id, amenity)
	VALUES ('Marriott', 'Sheraton', 104, 'TV');
INSERT INTO room_amenity(hotel_brand_name, hotel_name, room_id, amenity)
	VALUES ('Marriott', 'Sheraton', 104, 'Air Condition');
INSERT INTO room_amenity(hotel_brand_name, hotel_name, room_id, amenity)
	VALUES ('Marriott', 'Sheraton', 104, 'Hairdryer');
INSERT INTO room_amenity(hotel_brand_name, hotel_name, room_id, amenity)
	VALUES ('Marriott', 'Sheraton', 105, 'TV');	
INSERT INTO room_amenity(hotel_brand_name, hotel_name, room_id, amenity)
	VALUES ('Marriott', 'Sheraton', 105, 'Air Condition');
INSERT INTO room_amenity(hotel_brand_name, hotel_name, room_id, amenity)
	VALUES ('Marriott', 'Sheraton', 105, 'Fridge');

INSERT INTO room_amenity(hotel_brand_name, hotel_name, room_id, amenity)
	VALUES ('Marriott', 'Delta', 101, 'TV');
INSERT INTO room_amenity(hotel_brand_name, hotel_name, room_id, amenity)
	VALUES ('Marriott', 'Delta', 101, 'Air Condition');
INSERT INTO room_amenity(hotel_brand_name, hotel_name, room_id, amenity)
	VALUES ('Marriott', 'Delta', 101, 'Fridge');
INSERT INTO room_amenity(hotel_brand_name, hotel_name, room_id, amenity)
	VALUES ('Marriott', 'Delta', 102, 'TV');
INSERT INTO room_amenity(hotel_brand_name, hotel_name, room_id, amenity)
	VALUES ('Marriott', 'Delta', 102, 'Air Condition');
INSERT INTO room_amenity(hotel_brand_name, hotel_name, room_id, amenity)
	VALUES ('Marriott', 'Delta', 102, 'Fridge');
INSERT INTO room_amenity(hotel_brand_name, hotel_name, room_id, amenity)
	VALUES ('Marriott', 'Delta', 103, 'TV');
INSERT INTO room_amenity(hotel_brand_name, hotel_name, room_id, amenity)
	VALUES ('Marriott', 'Delta', 103, 'Air Condition');
INSERT INTO room_amenity(hotel_brand_name, hotel_name, room_id, amenity)
	VALUES ('Marriott', 'Delta', 103, 'Fridge');
INSERT INTO room_amenity(hotel_brand_name, hotel_name, room_id, amenity)
	VALUES ('Marriott', 'Delta', 104, 'Computer');
INSERT INTO room_amenity(hotel_brand_name, hotel_name, room_id, amenity)
	VALUES ('Marriott', 'Delta', 104, 'Air Condition');
INSERT INTO room_amenity(hotel_brand_name, hotel_name, room_id, amenity)
	VALUES ('Marriott', 'Delta', 104, 'Wifi');
INSERT INTO room_amenity(hotel_brand_name, hotel_name, room_id, amenity)
	VALUES ('Marriott', 'Delta', 105, 'TV');
INSERT INTO room_amenity(hotel_brand_name, hotel_name, room_id, amenity)
	VALUES ('Marriott', 'Delta', 105, 'Wifi');
INSERT INTO room_amenity(hotel_brand_name, hotel_name, room_id, amenity)
	VALUES ('Marriott', 'Delta', 105, 'Fridge');

INSERT INTO room_amenity(hotel_brand_name, hotel_name, room_id, amenity)
	VALUES ('Marriott', 'Courtyard', 101, 'Computer');
INSERT INTO room_amenity(hotel_brand_name, hotel_name, room_id, amenity)
	VALUES ('Marriott', 'Courtyard', 101, 'Air Condition');
INSERT INTO room_amenity(hotel_brand_name, hotel_name, room_id, amenity)
	VALUES ('Marriott', 'Courtyard', 101, 'Fridge');
INSERT INTO room_amenity(hotel_brand_name, hotel_name, room_id, amenity)
	VALUES ('Marriott', 'Courtyard', 102, 'TV');
INSERT INTO room_amenity(hotel_brand_name, hotel_name, room_id, amenity)
	VALUES ('Marriott', 'Courtyard', 102, 'Air Condition');
INSERT INTO room_amenity(hotel_brand_name, hotel_name, room_id, amenity)
	VALUES ('Marriott', 'Courtyard', 102, 'Hairdryer');
INSERT INTO room_amenity(hotel_brand_name, hotel_name, room_id, amenity)
	VALUES ('Marriott', 'Courtyard', 103, 'TV');
INSERT INTO room_amenity(hotel_brand_name, hotel_name, room_id, amenity)
	VALUES ('Marriott', 'Courtyard', 103, 'Air Condition');
INSERT INTO room_amenity(hotel_brand_name, hotel_name, room_id, amenity)
	VALUES ('Marriott', 'Courtyard', 103, 'Fridge');
INSERT INTO room_amenity(hotel_brand_name, hotel_name, room_id, amenity)
	VALUES ('Marriott', 'Courtyard', 104, 'Computer');
INSERT INTO room_amenity(hotel_brand_name, hotel_name, room_id, amenity)
	VALUES ('Marriott', 'Courtyard', 104, 'Air Condition');
INSERT INTO room_amenity(hotel_brand_name, hotel_name, room_id, amenity)
	VALUES ('Marriott', 'Courtyard', 104, 'Wifi');
INSERT INTO room_amenity(hotel_brand_name, hotel_name, room_id, amenity)
	VALUES ('Marriott', 'Courtyard', 105, 'TV');
INSERT INTO room_amenity(hotel_brand_name, hotel_name, room_id, amenity)
	VALUES ('Marriott', 'Courtyard', 105, 'Wifi');
INSERT INTO room_amenity(hotel_brand_name, hotel_name, room_id, amenity)
	VALUES ('Marriott', 'Courtyard', 105, 'Fridge');

INSERT INTO room_amenity(hotel_brand_name, hotel_name, room_id, amenity)
	VALUES ('Marriott', 'FairfieldInn', 101, 'TV');
INSERT INTO room_amenity(hotel_brand_name, hotel_name, room_id, amenity)
	VALUES ('Marriott', 'FairfieldInn', 101, 'Air Condition');
INSERT INTO room_amenity(hotel_brand_name, hotel_name, room_id, amenity)
	VALUES ('Marriott', 'FairfieldInn', 101, 'Hairdryer');
INSERT INTO room_amenity(hotel_brand_name, hotel_name, room_id, amenity)
	VALUES ('Marriott', 'FairfieldInn', 102, 'TV');
INSERT INTO room_amenity(hotel_brand_name, hotel_name, room_id, amenity)
	VALUES ('Marriott', 'FairfieldInn', 102, 'Wifi');
INSERT INTO room_amenity(hotel_brand_name, hotel_name, room_id, amenity)
	VALUES ('Marriott', 'FairfieldInn', 102, 'Fridge');
INSERT INTO room_amenity(hotel_brand_name, hotel_name, room_id, amenity)
	VALUES ('Marriott', 'FairfieldInn', 103, 'TV');
INSERT INTO room_amenity(hotel_brand_name, hotel_name, room_id, amenity)
	VALUES ('Marriott', 'FairfieldInn', 103, 'Air Condition');
INSERT INTO room_amenity(hotel_brand_name, hotel_name, room_id, amenity)
	VALUES ('Marriott', 'FairfieldInn', 103, 'Fridge');
INSERT INTO room_amenity(hotel_brand_name, hotel_name, room_id, amenity)
	VALUES ('Marriott', 'FairfieldInn', 104, 'Computer');
INSERT INTO room_amenity(hotel_brand_name, hotel_name, room_id, amenity)
	VALUES ('Marriott', 'FairfieldInn', 104, 'Air Condition');
INSERT INTO room_amenity(hotel_brand_name, hotel_name, room_id, amenity)
	VALUES ('Marriott', 'FairfieldInn', 104, 'Wifi');
INSERT INTO room_amenity(hotel_brand_name, hotel_name, room_id, amenity)
	VALUES ('Marriott', 'FairfieldInn', 105, 'TV');
INSERT INTO room_amenity(hotel_brand_name, hotel_name, room_id, amenity)
	VALUES ('Marriott', 'FairfieldInn', 105, 'Wifi');
INSERT INTO room_amenity(hotel_brand_name, hotel_name, room_id, amenity)
	VALUES ('Marriott', 'FairfieldInn', 105, 'Fridge');

INSERT INTO room_amenity(hotel_brand_name, hotel_name, room_id, amenity)
	VALUES ('Marriott', 'ResidenceInn', 101, 'TV');
INSERT INTO room_amenity(hotel_brand_name, hotel_name, room_id, amenity)
	VALUES ('Marriott', 'ResidenceInn', 101, 'Air Condition');
INSERT INTO room_amenity(hotel_brand_name, hotel_name, room_id, amenity)
	VALUES ('Marriott', 'ResidenceInn', 101, 'Fridge');
INSERT INTO room_amenity(hotel_brand_name, hotel_name, room_id, amenity)
	VALUES ('Marriott', 'ResidenceInn', 102, 'TV');
INSERT INTO room_amenity(hotel_brand_name, hotel_name, room_id, amenity)
	VALUES ('Marriott', 'ResidenceInn', 102, 'Air Condition');
INSERT INTO room_amenity(hotel_brand_name, hotel_name, room_id, amenity)
	VALUES ('Marriott', 'ResidenceInn', 102, 'Fridge');
INSERT INTO room_amenity(hotel_brand_name, hotel_name, room_id, amenity)
	VALUES ('Marriott', 'ResidenceInn', 103, 'TV');
INSERT INTO room_amenity(hotel_brand_name, hotel_name, room_id, amenity)
	VALUES ('Marriott', 'ResidenceInn', 103, 'Air Condition');
INSERT INTO room_amenity(hotel_brand_name, hotel_name, room_id, amenity)
	VALUES ('Marriott', 'ResidenceInn', 103, 'Wifi');
INSERT INTO room_amenity(hotel_brand_name, hotel_name, room_id, amenity)
	VALUES ('Marriott', 'ResidenceInn', 104, 'Computer');
INSERT INTO room_amenity(hotel_brand_name, hotel_name, room_id, amenity)
	VALUES ('Marriott', 'ResidenceInn', 104, 'Air Condition');
INSERT INTO room_amenity(hotel_brand_name, hotel_name, room_id, amenity)
	VALUES ('Marriott', 'ResidenceInn', 104, 'Wifi');
INSERT INTO room_amenity(hotel_brand_name, hotel_name, room_id, amenity)
	VALUES ('Marriott', 'ResidenceInn', 105, 'TV');
INSERT INTO room_amenity(hotel_brand_name, hotel_name, room_id, amenity)
	VALUES ('Marriott', 'ResidenceInn', 105, 'Wifi');
INSERT INTO room_amenity(hotel_brand_name, hotel_name, room_id, amenity)
	VALUES ('Marriott', 'ResidenceInn', 105, 'Fridge');


INSERT INTO room_amenity(hotel_brand_name, hotel_name, room_id, amenity)
	VALUES ('Fruit', 'Apple', 101, 'TV');
INSERT INTO room_amenity(hotel_brand_name, hotel_name, room_id, amenity)
	VALUES ('Fruit', 'Apple', 101, 'Air Condition');
INSERT INTO room_amenity(hotel_brand_name, hotel_name, room_id, amenity)
	VALUES ('Fruit', 'Apple', 101, 'Hairdryer');
INSERT INTO room_amenity(hotel_brand_name, hotel_name, room_id, amenity)
	VALUES ('Fruit', 'Apple', 102, 'TV');
INSERT INTO room_amenity(hotel_brand_name, hotel_name, room_id, amenity)
	VALUES ('Fruit', 'Apple', 102, 'Air Condition');
INSERT INTO room_amenity(hotel_brand_name, hotel_name, room_id, amenity)
	VALUES ('Fruit', 'Apple', 102, 'Fridge');
INSERT INTO room_amenity(hotel_brand_name, hotel_name, room_id, amenity)
	VALUES ('Fruit', 'Apple', 103, 'TV');
INSERT INTO room_amenity(hotel_brand_name, hotel_name, room_id, amenity)
	VALUES ('Fruit', 'Apple', 103, 'Air Condition');
INSERT INTO room_amenity(hotel_brand_name, hotel_name, room_id, amenity)
	VALUES ('Fruit', 'Apple', 103, 'Fridge');
INSERT INTO room_amenity(hotel_brand_name, hotel_name, room_id, amenity)
	VALUES ('Fruit', 'Apple', 104, 'Computer');
INSERT INTO room_amenity(hotel_brand_name, hotel_name, room_id, amenity)
	VALUES ('Fruit', 'Apple', 104, 'Air Condition');
INSERT INTO room_amenity(hotel_brand_name, hotel_name, room_id, amenity)
	VALUES ('Fruit', 'Apple', 104, 'Wifi');
INSERT INTO room_amenity(hotel_brand_name, hotel_name, room_id, amenity)
	VALUES ('Fruit', 'Apple', 105, 'Computer');
INSERT INTO room_amenity(hotel_brand_name, hotel_name, room_id, amenity)
	VALUES ('Fruit', 'Apple', 105, 'Wifi');
INSERT INTO room_amenity(hotel_brand_name, hotel_name, room_id, amenity)
	VALUES ('Fruit', 'Apple', 105, 'Fridge');

INSERT INTO room_amenity(hotel_brand_name, hotel_name, room_id, amenity)
	VALUES ('Fruit', 'Kiwi', 101, 'TV');
INSERT INTO room_amenity(hotel_brand_name, hotel_name, room_id, amenity)
	VALUES ('Fruit', 'Kiwi', 101, 'Air Condition');
INSERT INTO room_amenity(hotel_brand_name, hotel_name, room_id, amenity)
	VALUES ('Fruit', 'Kiwi', 101, 'Hairdryer');
INSERT INTO room_amenity(hotel_brand_name, hotel_name, room_id, amenity)
	VALUES ('Fruit', 'Kiwi', 102, 'TV');
INSERT INTO room_amenity(hotel_brand_name, hotel_name, room_id, amenity)
	VALUES ('Fruit', 'Kiwi', 102, 'Air Condition');
INSERT INTO room_amenity(hotel_brand_name, hotel_name, room_id, amenity)
	VALUES ('Fruit', 'Kiwi', 102, 'Fridge');
INSERT INTO room_amenity(hotel_brand_name, hotel_name, room_id, amenity)
	VALUES ('Fruit', 'Kiwi', 103, 'TV');
INSERT INTO room_amenity(hotel_brand_name, hotel_name, room_id, amenity)
	VALUES ('Fruit', 'Kiwi', 103, 'Air Condition');
INSERT INTO room_amenity(hotel_brand_name, hotel_name, room_id, amenity)
	VALUES ('Fruit', 'Kiwi', 103, 'Fridge');
INSERT INTO room_amenity(hotel_brand_name, hotel_name, room_id, amenity)
	VALUES ('Fruit', 'Kiwi', 104, 'Computer');
INSERT INTO room_amenity(hotel_brand_name, hotel_name, room_id, amenity)
	VALUES ('Fruit', 'Kiwi', 104, 'Air Condition');
INSERT INTO room_amenity(hotel_brand_name, hotel_name, room_id, amenity)
	VALUES ('Fruit', 'Kiwi', 104, 'Wifi');
INSERT INTO room_amenity(hotel_brand_name, hotel_name, room_id, amenity)
	VALUES ('Fruit', 'Kiwi', 105, 'TV');
INSERT INTO room_amenity(hotel_brand_name, hotel_name, room_id, amenity)
	VALUES ('Fruit', 'Kiwi', 105, 'Wifi');
INSERT INTO room_amenity(hotel_brand_name, hotel_name, room_id, amenity)
	VALUES ('Fruit', 'Kiwi', 105, 'Fridge');

INSERT INTO room_amenity(hotel_brand_name, hotel_name, room_id, amenity)
	VALUES ('Fruit', 'Lemon', 101, 'Computer');
INSERT INTO room_amenity(hotel_brand_name, hotel_name, room_id, amenity)
	VALUES ('Fruit', 'Lemon', 101, 'Air Condition');
INSERT INTO room_amenity(hotel_brand_name, hotel_name, room_id, amenity)
	VALUES ('Fruit', 'Lemon', 101, 'Hairdryer');
INSERT INTO room_amenity(hotel_brand_name, hotel_name, room_id, amenity)
	VALUES ('Fruit', 'Lemon', 102, 'TV');
INSERT INTO room_amenity(hotel_brand_name, hotel_name, room_id, amenity)
	VALUES ('Fruit', 'Lemon', 102, 'Air Condition');
INSERT INTO room_amenity(hotel_brand_name, hotel_name, room_id, amenity)
	VALUES ('Fruit', 'Lemon', 102, 'Fridge');
INSERT INTO room_amenity(hotel_brand_name, hotel_name, room_id, amenity)
	VALUES ('Fruit', 'Lemon', 103, 'TV');
INSERT INTO room_amenity(hotel_brand_name, hotel_name, room_id, amenity)
	VALUES ('Fruit', 'Lemon', 103, 'Air Condition');
INSERT INTO room_amenity(hotel_brand_name, hotel_name, room_id, amenity)
	VALUES ('Fruit', 'Lemon', 103, 'Fridge');
INSERT INTO room_amenity(hotel_brand_name, hotel_name, room_id, amenity)
	VALUES ('Fruit', 'Lemon', 104, 'Computer');
INSERT INTO room_amenity(hotel_brand_name, hotel_name, room_id, amenity)
	VALUES ('Fruit', 'Lemon', 104, 'Air Condition');
INSERT INTO room_amenity(hotel_brand_name, hotel_name, room_id, amenity)
	VALUES ('Fruit', 'Lemon', 104, 'Wifi');
INSERT INTO room_amenity(hotel_brand_name, hotel_name, room_id, amenity)
	VALUES ('Fruit', 'Lemon', 105, 'Computer');
INSERT INTO room_amenity(hotel_brand_name, hotel_name, room_id, amenity)
	VALUES ('Fruit', 'Lemon', 105, 'Wifi');
INSERT INTO room_amenity(hotel_brand_name, hotel_name, room_id, amenity)
	VALUES ('Fruit', 'Lemon', 105, 'Fridge');

INSERT INTO room_amenity(hotel_brand_name, hotel_name, room_id, amenity)
	VALUES ('Fruit', 'Orange', 101, 'TV');
INSERT INTO room_amenity(hotel_brand_name, hotel_name, room_id, amenity)
	VALUES ('Fruit', 'Orange', 101, 'Air Condition');
INSERT INTO room_amenity(hotel_brand_name, hotel_name, room_id, amenity)
	VALUES ('Fruit', 'Orange', 101, 'Hairdryer');
INSERT INTO room_amenity(hotel_brand_name, hotel_name, room_id, amenity)
	VALUES ('Fruit', 'Orange', 102, 'TV');
INSERT INTO room_amenity(hotel_brand_name, hotel_name, room_id, amenity)
	VALUES ('Fruit', 'Orange', 102, 'Air Condition');
INSERT INTO room_amenity(hotel_brand_name, hotel_name, room_id, amenity)
	VALUES ('Fruit', 'Orange', 102, 'Wifi');
INSERT INTO room_amenity(hotel_brand_name, hotel_name, room_id, amenity)
	VALUES ('Fruit', 'Orange', 103, 'TV');
INSERT INTO room_amenity(hotel_brand_name, hotel_name, room_id, amenity)
	VALUES ('Fruit', 'Orange', 103, 'Air Condition');
INSERT INTO room_amenity(hotel_brand_name, hotel_name, room_id, amenity)
	VALUES ('Fruit', 'Orange', 103, 'Fridge');
INSERT INTO room_amenity(hotel_brand_name, hotel_name, room_id, amenity)
	VALUES ('Fruit', 'Orange', 104, 'Computer');
INSERT INTO room_amenity(hotel_brand_name, hotel_name, room_id, amenity)
	VALUES ('Fruit', 'Orange', 104, 'Air Condition');
INSERT INTO room_amenity(hotel_brand_name, hotel_name, room_id, amenity)
	VALUES ('Fruit', 'Orange', 104, 'Wifi');
INSERT INTO room_amenity(hotel_brand_name, hotel_name, room_id, amenity)
	VALUES ('Fruit', 'Orange', 105, 'Computer');
INSERT INTO room_amenity(hotel_brand_name, hotel_name, room_id, amenity)
	VALUES ('Fruit', 'Orange', 105, 'Wifi');
INSERT INTO room_amenity(hotel_brand_name, hotel_name, room_id, amenity)
	VALUES ('Fruit', 'Orange', 105, 'Hairdryer');

INSERT INTO room_amenity(hotel_brand_name, hotel_name, room_id, amenity)
	VALUES ('Fruit', 'Pear', 101, 'TV');
INSERT INTO room_amenity(hotel_brand_name, hotel_name, room_id, amenity)
	VALUES ('Fruit', 'Pear', 101, 'Air Condition');
INSERT INTO room_amenity(hotel_brand_name, hotel_name, room_id, amenity)
	VALUES ('Fruit', 'Pear', 101, 'Hairdryer');
INSERT INTO room_amenity(hotel_brand_name, hotel_name, room_id, amenity)
	VALUES ('Fruit', 'Pear', 102, 'TV');
INSERT INTO room_amenity(hotel_brand_name, hotel_name, room_id, amenity)
	VALUES ('Fruit', 'Pear', 102, 'Air Condition');
INSERT INTO room_amenity(hotel_brand_name, hotel_name, room_id, amenity)
	VALUES ('Fruit', 'Pear', 102, 'Fridge');
INSERT INTO room_amenity(hotel_brand_name, hotel_name, room_id, amenity)
	VALUES ('Fruit', 'Pear', 103, 'Computer');
INSERT INTO room_amenity(hotel_brand_name, hotel_name, room_id, amenity)
	VALUES ('Fruit', 'Pear', 103, 'Air Condition');
INSERT INTO room_amenity(hotel_brand_name, hotel_name, room_id, amenity)
	VALUES ('Fruit', 'Pear', 103, 'Fridge');
INSERT INTO room_amenity(hotel_brand_name, hotel_name, room_id, amenity)
	VALUES ('Fruit', 'Pear', 104, 'Computer');
INSERT INTO room_amenity(hotel_brand_name, hotel_name, room_id, amenity)
	VALUES ('Fruit', 'Pear', 104, 'Air Condition');
INSERT INTO room_amenity(hotel_brand_name, hotel_name, room_id, amenity)
	VALUES ('Fruit', 'Pear', 104, 'Wifi');
INSERT INTO room_amenity(hotel_brand_name, hotel_name, room_id, amenity)
	VALUES ('Fruit', 'Pear', 105, 'Computer');
INSERT INTO room_amenity(hotel_brand_name, hotel_name, room_id, amenity)
	VALUES ('Fruit', 'Pear', 105, 'Wifi');
INSERT INTO room_amenity(hotel_brand_name, hotel_name, room_id, amenity)
	VALUES ('Fruit', 'Pear', 105, 'Fridge');


INSERT INTO room_amenity(hotel_brand_name, hotel_name, room_id, amenity)
	VALUES ('Galaxy', 'Jupiter', 101, 'TV');
INSERT INTO room_amenity(hotel_brand_name, hotel_name, room_id, amenity)
	VALUES ('Galaxy', 'Jupiter', 101, 'Air Condition');
INSERT INTO room_amenity(hotel_brand_name, hotel_name, room_id, amenity)
	VALUES ('Galaxy', 'Jupiter', 101, 'Hairdryer');
INSERT INTO room_amenity(hotel_brand_name, hotel_name, room_id, amenity)
	VALUES ('Galaxy', 'Jupiter', 102, 'TV');
INSERT INTO room_amenity(hotel_brand_name, hotel_name, room_id, amenity)
	VALUES ('Galaxy', 'Jupiter', 102, 'Air Condition');
INSERT INTO room_amenity(hotel_brand_name, hotel_name, room_id, amenity)
	VALUES ('Galaxy', 'Jupiter', 102, 'Fridge');
INSERT INTO room_amenity(hotel_brand_name, hotel_name, room_id, amenity)
	VALUES ('Galaxy', 'Jupiter', 103, 'Computer');
INSERT INTO room_amenity(hotel_brand_name, hotel_name, room_id, amenity)
	VALUES ('Galaxy', 'Jupiter', 103, 'Air Condition');
INSERT INTO room_amenity(hotel_brand_name, hotel_name, room_id, amenity)
	VALUES ('Galaxy', 'Jupiter', 103, 'Fridge');
INSERT INTO room_amenity(hotel_brand_name, hotel_name, room_id, amenity)
	VALUES ('Galaxy', 'Jupiter', 104, 'Computer');
INSERT INTO room_amenity(hotel_brand_name, hotel_name, room_id, amenity)
	VALUES ('Galaxy', 'Jupiter', 104, 'Air Condition');
INSERT INTO room_amenity(hotel_brand_name, hotel_name, room_id, amenity)
	VALUES ('Galaxy', 'Jupiter', 104, 'Wifi');
INSERT INTO room_amenity(hotel_brand_name, hotel_name, room_id, amenity)
	VALUES ('Galaxy', 'Jupiter', 105, 'Computer');
INSERT INTO room_amenity(hotel_brand_name, hotel_name, room_id, amenity)
	VALUES ('Galaxy', 'Jupiter', 105, 'Wifi');
INSERT INTO room_amenity(hotel_brand_name, hotel_name, room_id, amenity)
	VALUES ('Galaxy', 'Jupiter', 105, 'Fridge');

INSERT INTO room_amenity(hotel_brand_name, hotel_name, room_id, amenity)
	VALUES ('Galaxy', 'Mars', 101, 'TV');
INSERT INTO room_amenity(hotel_brand_name, hotel_name, room_id, amenity)
	VALUES ('Galaxy', 'Mars', 101, 'Air Condition');
INSERT INTO room_amenity(hotel_brand_name, hotel_name, room_id, amenity)
	VALUES ('Galaxy', 'Mars', 101, 'Hairdryer');
INSERT INTO room_amenity(hotel_brand_name, hotel_name, room_id, amenity)
	VALUES ('Galaxy', 'Mars', 102, 'TV');
INSERT INTO room_amenity(hotel_brand_name, hotel_name, room_id, amenity)
	VALUES ('Galaxy', 'Mars', 102, 'Air Condition');
INSERT INTO room_amenity(hotel_brand_name, hotel_name, room_id, amenity)
	VALUES ('Galaxy', 'Mars', 102, 'Wifi');
INSERT INTO room_amenity(hotel_brand_name, hotel_name, room_id, amenity)
	VALUES ('Galaxy', 'Mars', 103, 'Computer');
INSERT INTO room_amenity(hotel_brand_name, hotel_name, room_id, amenity)
	VALUES ('Galaxy', 'Mars', 103, 'Air Condition');
INSERT INTO room_amenity(hotel_brand_name, hotel_name, room_id, amenity)
	VALUES ('Galaxy', 'Mars', 103, 'Fridge');
INSERT INTO room_amenity(hotel_brand_name, hotel_name, room_id, amenity)
	VALUES ('Galaxy', 'Mars', 104, 'Computer');
INSERT INTO room_amenity(hotel_brand_name, hotel_name, room_id, amenity)
	VALUES ('Galaxy', 'Mars', 104, 'Air Condition');
INSERT INTO room_amenity(hotel_brand_name, hotel_name, room_id, amenity)
	VALUES ('Galaxy', 'Mars', 104, 'Wifi');
INSERT INTO room_amenity(hotel_brand_name, hotel_name, room_id, amenity)
	VALUES ('Galaxy', 'Mars', 105, 'Computer');
INSERT INTO room_amenity(hotel_brand_name, hotel_name, room_id, amenity)
	VALUES ('Galaxy', 'Mars', 105, 'Wifi');
INSERT INTO room_amenity(hotel_brand_name, hotel_name, room_id, amenity)
	VALUES ('Galaxy', 'Mars', 105, 'Fridge');

INSERT INTO room_amenity(hotel_brand_name, hotel_name, room_id, amenity)
	VALUES ('Galaxy', 'Saturn', 101, 'TV');
INSERT INTO room_amenity(hotel_brand_name, hotel_name, room_id, amenity)
	VALUES ('Galaxy', 'Saturn', 101, 'Air Condition');
INSERT INTO room_amenity(hotel_brand_name, hotel_name, room_id, amenity)
	VALUES ('Galaxy', 'Saturn', 101, 'Hairdryer');
INSERT INTO room_amenity(hotel_brand_name, hotel_name, room_id, amenity)
	VALUES ('Galaxy', 'Saturn', 102, 'TV');
INSERT INTO room_amenity(hotel_brand_name, hotel_name, room_id, amenity)
	VALUES ('Galaxy', 'Saturn', 102, 'Air Condition');
INSERT INTO room_amenity(hotel_brand_name, hotel_name, room_id, amenity)
	VALUES ('Galaxy', 'Saturn', 102, 'Wifi');
INSERT INTO room_amenity(hotel_brand_name, hotel_name, room_id, amenity)
	VALUES ('Galaxy', 'Saturn', 103, 'TV');
INSERT INTO room_amenity(hotel_brand_name, hotel_name, room_id, amenity)
	VALUES ('Galaxy', 'Saturn', 103, 'Air Condition');
INSERT INTO room_amenity(hotel_brand_name, hotel_name, room_id, amenity)
	VALUES ('Galaxy', 'Saturn', 103, 'Fridge');
INSERT INTO room_amenity(hotel_brand_name, hotel_name, room_id, amenity)
	VALUES ('Galaxy', 'Saturn', 104, 'Computer');
INSERT INTO room_amenity(hotel_brand_name, hotel_name, room_id, amenity)
	VALUES ('Galaxy', 'Saturn', 104, 'Air Condition');
INSERT INTO room_amenity(hotel_brand_name, hotel_name, room_id, amenity)
	VALUES ('Galaxy', 'Saturn', 104, 'Wifi');
INSERT INTO room_amenity(hotel_brand_name, hotel_name, room_id, amenity)
	VALUES ('Galaxy', 'Saturn', 105, 'Computer');
INSERT INTO room_amenity(hotel_brand_name, hotel_name, room_id, amenity)
	VALUES ('Galaxy', 'Saturn', 105, 'Wifi');
INSERT INTO room_amenity(hotel_brand_name, hotel_name, room_id, amenity)
	VALUES ('Galaxy', 'Saturn', 105, 'Fridge');	

INSERT INTO room_amenity(hotel_brand_name, hotel_name, room_id, amenity)
	VALUES ('Galaxy', 'Uranus', 101, 'TV');
INSERT INTO room_amenity(hotel_brand_name, hotel_name, room_id, amenity)
	VALUES ('Galaxy', 'Uranus', 101, 'Air Condition');
INSERT INTO room_amenity(hotel_brand_name, hotel_name, room_id, amenity)
	VALUES ('Galaxy', 'Uranus', 101, 'Hairdryer');
INSERT INTO room_amenity(hotel_brand_name, hotel_name, room_id, amenity)
	VALUES ('Galaxy', 'Uranus', 102, 'TV');
INSERT INTO room_amenity(hotel_brand_name, hotel_name, room_id, amenity)
	VALUES ('Galaxy', 'Uranus', 102, 'Air Condition');
INSERT INTO room_amenity(hotel_brand_name, hotel_name, room_id, amenity)
	VALUES ('Galaxy', 'Uranus', 102, 'Wifi');
INSERT INTO room_amenity(hotel_brand_name, hotel_name, room_id, amenity)
	VALUES ('Galaxy', 'Uranus', 103, 'TV');
INSERT INTO room_amenity(hotel_brand_name, hotel_name, room_id, amenity)
	VALUES ('Galaxy', 'Uranus', 103, 'Air Condition');
INSERT INTO room_amenity(hotel_brand_name, hotel_name, room_id, amenity)
	VALUES ('Galaxy', 'Uranus', 103, 'Fridge');
INSERT INTO room_amenity(hotel_brand_name, hotel_name, room_id, amenity)
	VALUES ('Galaxy', 'Uranus', 104, 'Computer');
INSERT INTO room_amenity(hotel_brand_name, hotel_name, room_id, amenity)
	VALUES ('Galaxy', 'Uranus', 104, 'Air Condition');
INSERT INTO room_amenity(hotel_brand_name, hotel_name, room_id, amenity)
	VALUES ('Galaxy', 'Uranus', 104, 'Wifi');
INSERT INTO room_amenity(hotel_brand_name, hotel_name, room_id, amenity)
	VALUES ('Galaxy', 'Uranus', 105, 'Computer');
INSERT INTO room_amenity(hotel_brand_name, hotel_name, room_id, amenity)
	VALUES ('Galaxy', 'Uranus', 105, 'Wifi');
INSERT INTO room_amenity(hotel_brand_name, hotel_name, room_id, amenity)
	VALUES ('Galaxy', 'Uranus', 105, 'Fridge');	

INSERT INTO room_amenity(hotel_brand_name, hotel_name, room_id, amenity)
	VALUES ('Galaxy', 'Venus', 101, 'TV');
INSERT INTO room_amenity(hotel_brand_name, hotel_name, room_id, amenity)
	VALUES ('Galaxy', 'Venus', 101, 'Air Condition');
INSERT INTO room_amenity(hotel_brand_name, hotel_name, room_id, amenity)
	VALUES ('Galaxy', 'Venus', 101, 'Hairdryer');
INSERT INTO room_amenity(hotel_brand_name, hotel_name, room_id, amenity)
	VALUES ('Galaxy', 'Venus', 102, 'TV');
INSERT INTO room_amenity(hotel_brand_name, hotel_name, room_id, amenity)
	VALUES ('Galaxy', 'Venus', 102, 'Air Condition');
INSERT INTO room_amenity(hotel_brand_name, hotel_name, room_id, amenity)
	VALUES ('Galaxy', 'Venus', 102, 'Wifi');
INSERT INTO room_amenity(hotel_brand_name, hotel_name, room_id, amenity)
	VALUES ('Galaxy', 'Venus', 103, 'TV');
INSERT INTO room_amenity(hotel_brand_name, hotel_name, room_id, amenity)
	VALUES ('Galaxy', 'Venus', 103, 'Air Condition');
INSERT INTO room_amenity(hotel_brand_name, hotel_name, room_id, amenity)
	VALUES ('Galaxy', 'Venus', 103, 'Fridge');
INSERT INTO room_amenity(hotel_brand_name, hotel_name, room_id, amenity)
	VALUES ('Galaxy', 'Venus', 104, 'Computer');
INSERT INTO room_amenity(hotel_brand_name, hotel_name, room_id, amenity)
	VALUES ('Galaxy', 'Venus', 104, 'Air Condition');
INSERT INTO room_amenity(hotel_brand_name, hotel_name, room_id, amenity)
	VALUES ('Galaxy', 'Venus', 104, 'Wifi');
INSERT INTO room_amenity(hotel_brand_name, hotel_name, room_id, amenity)
	VALUES ('Galaxy', 'Venus', 105, 'Computer');
INSERT INTO room_amenity(hotel_brand_name, hotel_name, room_id, amenity)
	VALUES ('Galaxy', 'Venus', 105, 'Wifi');
INSERT INTO room_amenity(hotel_brand_name, hotel_name, room_id, amenity)
	VALUES ('Galaxy', 'Venus', 105, 'Fridge');


INSERT INTO room_amenity(hotel_brand_name, hotel_name, room_id, amenity)
	VALUES ('Geometric', 'Circle', 101, 'TV');
INSERT INTO room_amenity(hotel_brand_name, hotel_name, room_id, amenity)
	VALUES ('Geometric', 'Circle', 101, 'Air Condition');
INSERT INTO room_amenity(hotel_brand_name, hotel_name, room_id, amenity)
	VALUES ('Geometric', 'Circle', 101, 'Hairdryer');
INSERT INTO room_amenity(hotel_brand_name, hotel_name, room_id, amenity)
	VALUES ('Geometric', 'Circle', 102, 'TV');
INSERT INTO room_amenity(hotel_brand_name, hotel_name, room_id, amenity)
	VALUES ('Geometric', 'Circle', 102, 'Air Condition');
INSERT INTO room_amenity(hotel_brand_name, hotel_name, room_id, amenity)
	VALUES ('Geometric', 'Circle', 102, 'Wifi');
INSERT INTO room_amenity(hotel_brand_name, hotel_name, room_id, amenity)
	VALUES ('Geometric', 'Circle', 103, 'TV');
INSERT INTO room_amenity(hotel_brand_name, hotel_name, room_id, amenity)
	VALUES ('Geometric', 'Circle', 103, 'Air Condition');
INSERT INTO room_amenity(hotel_brand_name, hotel_name, room_id, amenity)
	VALUES ('Geometric', 'Circle', 103, 'Fridge');
INSERT INTO room_amenity(hotel_brand_name, hotel_name, room_id, amenity)
	VALUES ('Geometric', 'Circle', 104, 'Computer');
INSERT INTO room_amenity(hotel_brand_name, hotel_name, room_id, amenity)
	VALUES ('Geometric', 'Circle', 104, 'Air Condition');
INSERT INTO room_amenity(hotel_brand_name, hotel_name, room_id, amenity)
	VALUES ('Geometric', 'Circle', 104, 'Wifi');
INSERT INTO room_amenity(hotel_brand_name, hotel_name, room_id, amenity)
	VALUES ('Geometric', 'Circle', 105, 'Computer');
INSERT INTO room_amenity(hotel_brand_name, hotel_name, room_id, amenity)
	VALUES ('Geometric', 'Circle', 105, 'Wifi');
INSERT INTO room_amenity(hotel_brand_name, hotel_name, room_id, amenity)
	VALUES ('Geometric', 'Circle', 105, 'Fridge');

INSERT INTO room_amenity(hotel_brand_name, hotel_name, room_id, amenity)
	VALUES ('Geometric', 'Diamond', 101, 'TV');
INSERT INTO room_amenity(hotel_brand_name, hotel_name, room_id, amenity)
	VALUES ('Geometric', 'Diamond', 101, 'Air Condition');
INSERT INTO room_amenity(hotel_brand_name, hotel_name, room_id, amenity)
	VALUES ('Geometric', 'Diamond', 101, 'Hairdryer');
INSERT INTO room_amenity(hotel_brand_name, hotel_name, room_id, amenity)
	VALUES ('Geometric', 'Diamond', 102, 'TV');
INSERT INTO room_amenity(hotel_brand_name, hotel_name, room_id, amenity)
	VALUES ('Geometric', 'Diamond', 102, 'Air Condition');
INSERT INTO room_amenity(hotel_brand_name, hotel_name, room_id, amenity)
	VALUES ('Geometric', 'Diamond', 102, 'Fridge');
INSERT INTO room_amenity(hotel_brand_name, hotel_name, room_id, amenity)
	VALUES ('Geometric', 'Diamond', 103, 'TV');
INSERT INTO room_amenity(hotel_brand_name, hotel_name, room_id, amenity)
	VALUES ('Geometric', 'Diamond', 103, 'Air Condition');
INSERT INTO room_amenity(hotel_brand_name, hotel_name, room_id, amenity)
	VALUES ('Geometric', 'Diamond', 103, 'Fridge');
INSERT INTO room_amenity(hotel_brand_name, hotel_name, room_id, amenity)
	VALUES ('Geometric', 'Diamond', 104, 'Computer');
INSERT INTO room_amenity(hotel_brand_name, hotel_name, room_id, amenity)
	VALUES ('Geometric', 'Diamond', 104, 'Air Condition');
INSERT INTO room_amenity(hotel_brand_name, hotel_name, room_id, amenity)
	VALUES ('Geometric', 'Diamond', 104, 'Wifi');
INSERT INTO room_amenity(hotel_brand_name, hotel_name, room_id, amenity)
	VALUES ('Geometric', 'Diamond', 105, 'Computer');
INSERT INTO room_amenity(hotel_brand_name, hotel_name, room_id, amenity)
	VALUES ('Geometric', 'Diamond', 105, 'Wifi');
INSERT INTO room_amenity(hotel_brand_name, hotel_name, room_id, amenity)
	VALUES ('Geometric', 'Diamond', 105, 'Fridge');

INSERT INTO room_amenity(hotel_brand_name, hotel_name, room_id, amenity)
	VALUES ('Geometric', 'Rectangle', 101, 'TV');
INSERT INTO room_amenity(hotel_brand_name, hotel_name, room_id, amenity)
	VALUES ('Geometric', 'Rectangle', 101, 'Air Condition');
INSERT INTO room_amenity(hotel_brand_name, hotel_name, room_id, amenity)
	VALUES ('Geometric', 'Rectangle', 101, 'Hairdryer');
INSERT INTO room_amenity(hotel_brand_name, hotel_name, room_id, amenity)
	VALUES ('Geometric', 'Rectangle', 102, 'TV');
INSERT INTO room_amenity(hotel_brand_name, hotel_name, room_id, amenity)
	VALUES ('Geometric', 'Rectangle', 102, 'Air Condition');
INSERT INTO room_amenity(hotel_brand_name, hotel_name, room_id, amenity)
	VALUES ('Geometric', 'Rectangle', 102, 'Wifi');
INSERT INTO room_amenity(hotel_brand_name, hotel_name, room_id, amenity)
	VALUES ('Geometric', 'Rectangle', 103, 'TV');
INSERT INTO room_amenity(hotel_brand_name, hotel_name, room_id, amenity)
	VALUES ('Geometric', 'Rectangle', 103, 'Air Condition');
INSERT INTO room_amenity(hotel_brand_name, hotel_name, room_id, amenity)
	VALUES ('Geometric', 'Rectangle', 103, 'Fridge');
INSERT INTO room_amenity(hotel_brand_name, hotel_name, room_id, amenity)
	VALUES ('Geometric', 'Rectangle', 104, 'Hairdryer');
INSERT INTO room_amenity(hotel_brand_name, hotel_name, room_id, amenity)
	VALUES ('Geometric', 'Rectangle', 104, 'Air Condition');
INSERT INTO room_amenity(hotel_brand_name, hotel_name, room_id, amenity)
	VALUES ('Geometric', 'Rectangle', 104, 'Wifi');
INSERT INTO room_amenity(hotel_brand_name, hotel_name, room_id, amenity)
	VALUES ('Geometric', 'Rectangle', 105, 'Computer');
INSERT INTO room_amenity(hotel_brand_name, hotel_name, room_id, amenity)
	VALUES ('Geometric', 'Rectangle', 105, 'Wifi');
INSERT INTO room_amenity(hotel_brand_name, hotel_name, room_id, amenity)
	VALUES ('Geometric', 'Rectangle', 105, 'Fridge');

INSERT INTO room_amenity(hotel_brand_name, hotel_name, room_id, amenity)
	VALUES ('Geometric', 'Square', 101, 'TV');
INSERT INTO room_amenity(hotel_brand_name, hotel_name, room_id, amenity)
	VALUES ('Geometric', 'Square', 101, 'Air Condition');
INSERT INTO room_amenity(hotel_brand_name, hotel_name, room_id, amenity)
	VALUES ('Geometric', 'Square', 101, 'Hairdryer');
INSERT INTO room_amenity(hotel_brand_name, hotel_name, room_id, amenity)
	VALUES ('Geometric', 'Square', 102, 'TV');
INSERT INTO room_amenity(hotel_brand_name, hotel_name, room_id, amenity)
	VALUES ('Geometric', 'Square', 102, 'Air Condition');
INSERT INTO room_amenity(hotel_brand_name, hotel_name, room_id, amenity)
	VALUES ('Geometric', 'Square', 102, 'Wifi');
INSERT INTO room_amenity(hotel_brand_name, hotel_name, room_id, amenity)
	VALUES ('Geometric', 'Square', 103, 'TV');
INSERT INTO room_amenity(hotel_brand_name, hotel_name, room_id, amenity)
	VALUES ('Geometric', 'Square', 103, 'Air Condition');
INSERT INTO room_amenity(hotel_brand_name, hotel_name, room_id, amenity)
	VALUES ('Geometric', 'Square', 103, 'Fridge');
INSERT INTO room_amenity(hotel_brand_name, hotel_name, room_id, amenity)
	VALUES ('Geometric', 'Square', 104, 'Hairdryer');
INSERT INTO room_amenity(hotel_brand_name, hotel_name, room_id, amenity)
	VALUES ('Geometric', 'Square', 104, 'Air Condition');
INSERT INTO room_amenity(hotel_brand_name, hotel_name, room_id, amenity)
	VALUES ('Geometric', 'Square', 104, 'Wifi');
INSERT INTO room_amenity(hotel_brand_name, hotel_name, room_id, amenity)
	VALUES ('Geometric', 'Square', 105, 'Computer');
INSERT INTO room_amenity(hotel_brand_name, hotel_name, room_id, amenity)
	VALUES ('Geometric', 'Square', 105, 'Wifi');
INSERT INTO room_amenity(hotel_brand_name, hotel_name, room_id, amenity)
	VALUES ('Geometric', 'Square', 105, 'Fridge');

INSERT INTO room_amenity(hotel_brand_name, hotel_name, room_id, amenity)
	VALUES ('Geometric', 'Trapezoid', 101, 'TV');
INSERT INTO room_amenity(hotel_brand_name, hotel_name, room_id, amenity)
	VALUES ('Geometric', 'Trapezoid', 101, 'Air Condition');
INSERT INTO room_amenity(hotel_brand_name, hotel_name, room_id, amenity)
	VALUES ('Geometric', 'Trapezoid', 101, 'Hairdryer');
INSERT INTO room_amenity(hotel_brand_name, hotel_name, room_id, amenity)
	VALUES ('Geometric', 'Trapezoid', 102, 'TV');
INSERT INTO room_amenity(hotel_brand_name, hotel_name, room_id, amenity)
	VALUES ('Geometric', 'Trapezoid', 102, 'Air Condition');
INSERT INTO room_amenity(hotel_brand_name, hotel_name, room_id, amenity)
	VALUES ('Geometric', 'Trapezoid', 102, 'Wifi');
INSERT INTO room_amenity(hotel_brand_name, hotel_name, room_id, amenity)
	VALUES ('Geometric', 'Trapezoid', 103, 'TV');
INSERT INTO room_amenity(hotel_brand_name, hotel_name, room_id, amenity)
	VALUES ('Geometric', 'Trapezoid', 103, 'Air Condition');
INSERT INTO room_amenity(hotel_brand_name, hotel_name, room_id, amenity)
	VALUES ('Geometric', 'Trapezoid', 103, 'Fridge');
INSERT INTO room_amenity(hotel_brand_name, hotel_name, room_id, amenity)
	VALUES ('Geometric', 'Trapezoid', 104, 'Hairdryer');
INSERT INTO room_amenity(hotel_brand_name, hotel_name, room_id, amenity)
	VALUES ('Geometric', 'Trapezoid', 104, 'Air Condition');
INSERT INTO room_amenity(hotel_brand_name, hotel_name, room_id, amenity)
	VALUES ('Geometric', 'Trapezoid', 104, 'Wifi');
INSERT INTO room_amenity(hotel_brand_name, hotel_name, room_id, amenity)
	VALUES ('Geometric', 'Trapezoid', 105, 'Computer');
INSERT INTO room_amenity(hotel_brand_name, hotel_name, room_id, amenity)
	VALUES ('Geometric', 'Trapezoid', 105, 'Wifi');
INSERT INTO room_amenity(hotel_brand_name, hotel_name, room_id, amenity)
	VALUES ('Geometric', 'Trapezoid', 105, 'Fridge');


INSERT INTO room_amenity(hotel_brand_name, hotel_name, room_id, amenity)
	VALUES ('Hyatt', 'Grand Hyatt', 101, 'TV');
INSERT INTO room_amenity(hotel_brand_name, hotel_name, room_id, amenity)
	VALUES ('Hyatt', 'Grand Hyatt', 101, 'Air Condition');
INSERT INTO room_amenity(hotel_brand_name, hotel_name, room_id, amenity)
	VALUES ('Hyatt', 'Grand Hyatt', 101, 'Hairdryer');
INSERT INTO room_amenity(hotel_brand_name, hotel_name, room_id, amenity)
	VALUES ('Hyatt', 'Grand Hyatt', 102, 'TV');
INSERT INTO room_amenity(hotel_brand_name, hotel_name, room_id, amenity)
	VALUES ('Hyatt', 'Grand Hyatt', 102, 'Air Condition');
INSERT INTO room_amenity(hotel_brand_name, hotel_name, room_id, amenity)
	VALUES ('Hyatt', 'Grand Hyatt', 102, 'Wifi');
INSERT INTO room_amenity(hotel_brand_name, hotel_name, room_id, amenity)
	VALUES ('Hyatt', 'Grand Hyatt', 103, 'TV');
INSERT INTO room_amenity(hotel_brand_name, hotel_name, room_id, amenity)
	VALUES ('Hyatt', 'Grand Hyatt', 103, 'Air Condition');
INSERT INTO room_amenity(hotel_brand_name, hotel_name, room_id, amenity)
	VALUES ('Hyatt', 'Grand Hyatt', 103, 'Fridge');
INSERT INTO room_amenity(hotel_brand_name, hotel_name, room_id, amenity)
	VALUES ('Hyatt', 'Grand Hyatt', 104, 'Hairdryer');
INSERT INTO room_amenity(hotel_brand_name, hotel_name, room_id, amenity)
	VALUES ('Hyatt', 'Grand Hyatt', 104, 'Air Condition');
INSERT INTO room_amenity(hotel_brand_name, hotel_name, room_id, amenity)
	VALUES ('Hyatt', 'Grand Hyatt', 104, 'Wifi');
INSERT INTO room_amenity(hotel_brand_name, hotel_name, room_id, amenity)
	VALUES ('Hyatt', 'Grand Hyatt', 105, 'Computer');
INSERT INTO room_amenity(hotel_brand_name, hotel_name, room_id, amenity)
	VALUES ('Hyatt', 'Grand Hyatt', 105, 'Wifi');
INSERT INTO room_amenity(hotel_brand_name, hotel_name, room_id, amenity)
	VALUES ('Hyatt', 'Grand Hyatt', 105, 'Fridge');

INSERT INTO room_amenity(hotel_brand_name, hotel_name, room_id, amenity)
	VALUES ('Hyatt', 'Park Hyatt', 101, 'TV');
INSERT INTO room_amenity(hotel_brand_name, hotel_name, room_id, amenity)
	VALUES ('Hyatt', 'Park Hyatt', 101, 'Air Condition');
INSERT INTO room_amenity(hotel_brand_name, hotel_name, room_id, amenity)
	VALUES ('Hyatt', 'Park Hyatt', 101, 'Hairdryer');
INSERT INTO room_amenity(hotel_brand_name, hotel_name, room_id, amenity)
	VALUES ('Hyatt', 'Park Hyatt', 102, 'TV');
INSERT INTO room_amenity(hotel_brand_name, hotel_name, room_id, amenity)
	VALUES ('Hyatt', 'Park Hyatt', 102, 'Air Condition');
INSERT INTO room_amenity(hotel_brand_name, hotel_name, room_id, amenity)
	VALUES ('Hyatt', 'Park Hyatt', 102, 'Wifi');
INSERT INTO room_amenity(hotel_brand_name, hotel_name, room_id, amenity)
	VALUES ('Hyatt', 'Park Hyatt', 103, 'TV');
INSERT INTO room_amenity(hotel_brand_name, hotel_name, room_id, amenity)
	VALUES ('Hyatt', 'Park Hyatt', 103, 'Air Condition');
INSERT INTO room_amenity(hotel_brand_name, hotel_name, room_id, amenity)
	VALUES ('Hyatt', 'Park Hyatt', 103, 'Fridge');
INSERT INTO room_amenity(hotel_brand_name, hotel_name, room_id, amenity)
	VALUES ('Hyatt', 'Park Hyatt', 104, 'Hairdryer');
INSERT INTO room_amenity(hotel_brand_name, hotel_name, room_id, amenity)
	VALUES ('Hyatt', 'Park Hyatt', 104, 'Air Condition');
INSERT INTO room_amenity(hotel_brand_name, hotel_name, room_id, amenity)
	VALUES ('Hyatt', 'Park Hyatt', 104, 'Wifi');
INSERT INTO room_amenity(hotel_brand_name, hotel_name, room_id, amenity)
	VALUES ('Hyatt', 'Park Hyatt', 105, 'Computer');
INSERT INTO room_amenity(hotel_brand_name, hotel_name, room_id, amenity)
	VALUES ('Hyatt', 'Park Hyatt', 105, 'Wifi');
INSERT INTO room_amenity(hotel_brand_name, hotel_name, room_id, amenity)
	VALUES ('Hyatt', 'Park Hyatt', 105, 'Fridge');

INSERT INTO room_amenity(hotel_brand_name, hotel_name, room_id, amenity)
	VALUES ('Hyatt', 'Hyatt Place', 101, 'TV');
INSERT INTO room_amenity(hotel_brand_name, hotel_name, room_id, amenity)
	VALUES ('Hyatt', 'Hyatt Place', 101, 'Air Condition');
INSERT INTO room_amenity(hotel_brand_name, hotel_name, room_id, amenity)
	VALUES ('Hyatt', 'Hyatt Place', 101, 'Hairdryer');
INSERT INTO room_amenity(hotel_brand_name, hotel_name, room_id, amenity)
	VALUES ('Hyatt', 'Hyatt Place', 102, 'TV');
INSERT INTO room_amenity(hotel_brand_name, hotel_name, room_id, amenity)
	VALUES ('Hyatt', 'Hyatt Place', 102, 'Air Condition');
INSERT INTO room_amenity(hotel_brand_name, hotel_name, room_id, amenity)
	VALUES ('Hyatt', 'Hyatt Place', 102, 'Wifi');
INSERT INTO room_amenity(hotel_brand_name, hotel_name, room_id, amenity)
	VALUES ('Hyatt', 'Hyatt Place', 103, 'TV');
INSERT INTO room_amenity(hotel_brand_name, hotel_name, room_id, amenity)
	VALUES ('Hyatt', 'Hyatt Place', 103, 'Air Condition');
INSERT INTO room_amenity(hotel_brand_name, hotel_name, room_id, amenity)
	VALUES ('Hyatt', 'Hyatt Place', 103, 'Fridge');
INSERT INTO room_amenity(hotel_brand_name, hotel_name, room_id, amenity)
	VALUES ('Hyatt', 'Hyatt Place', 104, 'Hairdryer');
INSERT INTO room_amenity(hotel_brand_name, hotel_name, room_id, amenity)
	VALUES ('Hyatt', 'Hyatt Place', 104, 'Air Condition');
INSERT INTO room_amenity(hotel_brand_name, hotel_name, room_id, amenity)
	VALUES ('Hyatt', 'Hyatt Place', 104, 'Wifi');
INSERT INTO room_amenity(hotel_brand_name, hotel_name, room_id, amenity)
	VALUES ('Hyatt', 'Hyatt Place', 105, 'Computer');
INSERT INTO room_amenity(hotel_brand_name, hotel_name, room_id, amenity)
	VALUES ('Hyatt', 'Hyatt Place', 105, 'Wifi');
INSERT INTO room_amenity(hotel_brand_name, hotel_name, room_id, amenity)
	VALUES ('Hyatt', 'Hyatt Place', 105, 'Fridge');

INSERT INTO room_amenity(hotel_brand_name, hotel_name, room_id, amenity)
	VALUES ('Hyatt', 'Hyatt Regency', 101, 'TV');
INSERT INTO room_amenity(hotel_brand_name, hotel_name, room_id, amenity)
	VALUES ('Hyatt', 'Hyatt Regency', 101, 'Air Condition');
INSERT INTO room_amenity(hotel_brand_name, hotel_name, room_id, amenity)
	VALUES ('Hyatt', 'Hyatt Regency', 101, 'Hairdryer');
INSERT INTO room_amenity(hotel_brand_name, hotel_name, room_id, amenity)
	VALUES ('Hyatt', 'Hyatt Regency', 102, 'TV');
INSERT INTO room_amenity(hotel_brand_name, hotel_name, room_id, amenity)
	VALUES ('Hyatt', 'Hyatt Regency', 102, 'Air Condition');
INSERT INTO room_amenity(hotel_brand_name, hotel_name, room_id, amenity)
	VALUES ('Hyatt', 'Hyatt Regency', 102, 'Wifi');
INSERT INTO room_amenity(hotel_brand_name, hotel_name, room_id, amenity)
	VALUES ('Hyatt', 'Hyatt Regency', 103, 'TV');
INSERT INTO room_amenity(hotel_brand_name, hotel_name, room_id, amenity)
	VALUES ('Hyatt', 'Hyatt Regency', 103, 'Air Condition');
INSERT INTO room_amenity(hotel_brand_name, hotel_name, room_id, amenity)
	VALUES ('Hyatt', 'Hyatt Regency', 103, 'Fridge');
INSERT INTO room_amenity(hotel_brand_name, hotel_name, room_id, amenity)
	VALUES ('Hyatt', 'Hyatt Regency', 104, 'Hairdryer');
INSERT INTO room_amenity(hotel_brand_name, hotel_name, room_id, amenity)
	VALUES ('Hyatt', 'Hyatt Regency', 104, 'Air Condition');
INSERT INTO room_amenity(hotel_brand_name, hotel_name, room_id, amenity)
	VALUES ('Hyatt', 'Hyatt Regency', 104, 'Wifi');
INSERT INTO room_amenity(hotel_brand_name, hotel_name, room_id, amenity)
	VALUES ('Hyatt', 'Hyatt Regency', 105, 'Computer');
INSERT INTO room_amenity(hotel_brand_name, hotel_name, room_id, amenity)
	VALUES ('Hyatt', 'Hyatt Regency', 105, 'Wifi');
INSERT INTO room_amenity(hotel_brand_name, hotel_name, room_id, amenity)
	VALUES ('Hyatt', 'Hyatt Regency', 105, 'Fridge');

INSERT INTO room_amenity(hotel_brand_name, hotel_name, room_id, amenity)
	VALUES ('Hyatt', 'Hyatt Zilara', 101, 'TV');
INSERT INTO room_amenity(hotel_brand_name, hotel_name, room_id, amenity)
	VALUES ('Hyatt', 'Hyatt Zilara', 101, 'Air Condition');
INSERT INTO room_amenity(hotel_brand_name, hotel_name, room_id, amenity)
	VALUES ('Hyatt', 'Hyatt Zilara', 101, 'Hairdryer');
INSERT INTO room_amenity(hotel_brand_name, hotel_name, room_id, amenity)
	VALUES ('Hyatt', 'Hyatt Zilara', 102, 'TV');
INSERT INTO room_amenity(hotel_brand_name, hotel_name, room_id, amenity)
	VALUES ('Hyatt', 'Hyatt Zilara', 102, 'Air Condition');
INSERT INTO room_amenity(hotel_brand_name, hotel_name, room_id, amenity)
	VALUES ('Hyatt', 'Hyatt Zilara', 102, 'Wifi');
INSERT INTO room_amenity(hotel_brand_name, hotel_name, room_id, amenity)
	VALUES ('Hyatt', 'Hyatt Zilara', 103, 'TV');
INSERT INTO room_amenity(hotel_brand_name, hotel_name, room_id, amenity)
	VALUES ('Hyatt', 'Hyatt Zilara', 103, 'Air Condition');
INSERT INTO room_amenity(hotel_brand_name, hotel_name, room_id, amenity)
	VALUES ('Hyatt', 'Hyatt Zilara', 103, 'Fridge');
INSERT INTO room_amenity(hotel_brand_name, hotel_name, room_id, amenity)
	VALUES ('Hyatt', 'Hyatt Zilara', 104, 'Hairdryer');
INSERT INTO room_amenity(hotel_brand_name, hotel_name, room_id, amenity)
	VALUES ('Hyatt', 'Hyatt Zilara', 104, 'Air Condition');
INSERT INTO room_amenity(hotel_brand_name, hotel_name, room_id, amenity)
	VALUES ('Hyatt', 'Hyatt Zilara', 104, 'Wifi');
INSERT INTO room_amenity(hotel_brand_name, hotel_name, room_id, amenity)
	VALUES ('Hyatt', 'Hyatt Zilara', 105, 'Computer');
INSERT INTO room_amenity(hotel_brand_name, hotel_name, room_id, amenity)
	VALUES ('Hyatt', 'Hyatt Zilara', 105, 'Wifi');
INSERT INTO room_amenity(hotel_brand_name, hotel_name, room_id, amenity)
	VALUES ('Hyatt', 'Hyatt Zilara', 105, 'Fridge');

----------------------------------------------Room_extensibility----------------------------------------------------
INSERT INTO room_extensibility(hotel_brand_name, hotel_name, room_id, extensibility)
	VALUES ('Hilton', 'Double Tree', 101, 'Add one more bed');
INSERT INTO room_extensibility(hotel_brand_name, hotel_name, room_id, extensibility)
	VALUES ('Hilton', 'Double Tree', 102, 'Add more pillows');
INSERT INTO room_extensibility(hotel_brand_name, hotel_name, room_id, extensibility)
	VALUES ('Hilton', 'Double Tree', 103, 'Add more pillows');
INSERT INTO room_extensibility(hotel_brand_name, hotel_name, room_id, extensibility)
	VALUES ('Hilton', 'Double Tree', 104, 'Add more pillows');
INSERT INTO room_extensibility(hotel_brand_name, hotel_name, room_id, extensibility)
	VALUES ('Hilton', 'Double Tree', 105, 'Add more pillows');
INSERT INTO room_extensibility(hotel_brand_name, hotel_name, room_id, extensibility)
	VALUES ('Hilton', 'Double Tree', 105, 'Add one more bed');

INSERT INTO room_extensibility(hotel_brand_name, hotel_name, room_id, extensibility)
	VALUES ('Hilton', 'Hilton Garden Inn', 101, 'Add one more bed');
INSERT INTO room_extensibility(hotel_brand_name, hotel_name, room_id, extensibility)
	VALUES ('Hilton', 'Hilton Garden Inn', 102, 'Add more pillows');
INSERT INTO room_extensibility(hotel_brand_name, hotel_name, room_id, extensibility)
	VALUES ('Hilton', 'Hilton Garden Inn', 102, 'Add one more bed');
INSERT INTO room_extensibility(hotel_brand_name, hotel_name, room_id, extensibility)
	VALUES ('Hilton', 'Hilton Garden Inn', 103, 'Add more pillows');
INSERT INTO room_extensibility(hotel_brand_name, hotel_name, room_id, extensibility)
	VALUES ('Hilton', 'Hilton Garden Inn', 104, 'Add one more bed');
INSERT INTO room_extensibility(hotel_brand_name, hotel_name, room_id, extensibility)
	VALUES ('Hilton', 'Hilton Garden Inn', 105, 'Add more pillows');		

INSERT INTO room_extensibility(hotel_brand_name, hotel_name, room_id, extensibility)
	VALUES ('Hilton', 'Hampton', 101, 'Add extra bed quilt');
INSERT INTO room_extensibility(hotel_brand_name, hotel_name, room_id, extensibility)
	VALUES ('Hilton', 'Hampton', 102, 'Add one more bed');
INSERT INTO room_extensibility(hotel_brand_name, hotel_name, room_id, extensibility)
	VALUES ('Hilton', 'Hampton', 103, 'Add more pillows');
INSERT INTO room_extensibility(hotel_brand_name, hotel_name, room_id, extensibility)
	VALUES ('Hilton', 'Hampton', 103, 'Add extra bed quilt');
INSERT INTO room_extensibility(hotel_brand_name, hotel_name, room_id, extensibility)
	VALUES ('Hilton', 'Hampton', 104, 'Add one more bed');
INSERT INTO room_extensibility(hotel_brand_name, hotel_name, room_id, extensibility)
	VALUES ('Hilton', 'Hampton', 105, 'Add more pillows');

INSERT INTO room_extensibility(hotel_brand_name, hotel_name, room_id, extensibility)
	VALUES ('Hilton', 'Embassy Suites', 101, 'Add extra bed quilt');
INSERT INTO room_extensibility(hotel_brand_name, hotel_name, room_id, extensibility)
	VALUES ('Hilton', 'Embassy Suites', 102, 'Add one more bed');
INSERT INTO room_extensibility(hotel_brand_name, hotel_name, room_id, extensibility)
	VALUES ('Hilton', 'Embassy Suites', 103, 'Add more pillows');
INSERT INTO room_extensibility(hotel_brand_name, hotel_name, room_id, extensibility)
	VALUES ('Hilton', 'Embassy Suites', 103, 'Add extra bed quilt');
INSERT INTO room_extensibility(hotel_brand_name, hotel_name, room_id, extensibility)
	VALUES ('Hilton', 'Embassy Suites', 104, 'Add one more bed');
INSERT INTO room_extensibility(hotel_brand_name, hotel_name, room_id, extensibility)
	VALUES ('Hilton', 'Embassy Suites', 105, 'Add more pillows');

INSERT INTO room_extensibility(hotel_brand_name, hotel_name, room_id, extensibility)
	VALUES ('Hilton', 'CONRAD', 101, 'Add extra bed quilt');
INSERT INTO room_extensibility(hotel_brand_name, hotel_name, room_id, extensibility)
	VALUES ('Hilton', 'CONRAD', 102, 'Add one more bed');
INSERT INTO room_extensibility(hotel_brand_name, hotel_name, room_id, extensibility)
	VALUES ('Hilton', 'CONRAD', 103, 'Add more pillows');
INSERT INTO room_extensibility(hotel_brand_name, hotel_name, room_id, extensibility)
	VALUES ('Hilton', 'CONRAD', 103, 'Add extra bed quilt');
INSERT INTO room_extensibility(hotel_brand_name, hotel_name, room_id, extensibility)
	VALUES ('Hilton', 'CONRAD', 104, 'Add one more bed');
INSERT INTO room_extensibility(hotel_brand_name, hotel_name, room_id, extensibility)
	VALUES ('Hilton', 'CONRAD', 105, 'Add more pillows');


INSERT INTO room_extensibility(hotel_brand_name, hotel_name, room_id, extensibility)
	VALUES ('Marriott', 'Sheraton', 101, 'Add extra bed quilt');
INSERT INTO room_extensibility(hotel_brand_name, hotel_name, room_id, extensibility)
	VALUES ('Marriott', 'Sheraton', 102, 'Add one more bed');
INSERT INTO room_extensibility(hotel_brand_name, hotel_name, room_id, extensibility)
	VALUES ('Marriott', 'Sheraton', 103, 'Add more pillows');
INSERT INTO room_extensibility(hotel_brand_name, hotel_name, room_id, extensibility)
	VALUES ('Marriott', 'Sheraton', 103, 'Add extra bed quilt');
INSERT INTO room_extensibility(hotel_brand_name, hotel_name, room_id, extensibility)
	VALUES ('Marriott', 'Sheraton', 104, 'Add one more bed');
INSERT INTO room_extensibility(hotel_brand_name, hotel_name, room_id, extensibility)
	VALUES ('Marriott', 'Sheraton', 105, 'Add more pillows');

INSERT INTO room_extensibility(hotel_brand_name, hotel_name, room_id, extensibility)
	VALUES ('Marriott', 'Delta', 101, 'Add more pillows');
INSERT INTO room_extensibility(hotel_brand_name, hotel_name, room_id, extensibility)
	VALUES ('Marriott', 'Delta', 102, 'Add one more bed');
INSERT INTO room_extensibility(hotel_brand_name, hotel_name, room_id, extensibility)
	VALUES ('Marriott', 'Delta', 103, 'Add extra bed quilt');
INSERT INTO room_extensibility(hotel_brand_name, hotel_name, room_id, extensibility)
	VALUES ('Marriott', 'Delta', 104, 'Add one more bed');
INSERT INTO room_extensibility(hotel_brand_name, hotel_name, room_id, extensibility)
	VALUES ('Marriott', 'Delta', 104, 'Add extra bed quilt');
INSERT INTO room_extensibility(hotel_brand_name, hotel_name, room_id, extensibility)
	VALUES ('Marriott', 'Delta', 105, 'Add extra bed quilt');

INSERT INTO room_extensibility(hotel_brand_name, hotel_name, room_id, extensibility)
	VALUES ('Marriott', 'Courtyard', 101, 'Add more pillows');
INSERT INTO room_extensibility(hotel_brand_name, hotel_name, room_id, extensibility)
	VALUES ('Marriott', 'Courtyard', 102, 'Add one more bed');
INSERT INTO room_extensibility(hotel_brand_name, hotel_name, room_id, extensibility)
	VALUES ('Marriott', 'Courtyard', 103, 'Add extra bed quilt');
INSERT INTO room_extensibility(hotel_brand_name, hotel_name, room_id, extensibility)
	VALUES ('Marriott', 'Courtyard', 104, 'Add one more bed');
INSERT INTO room_extensibility(hotel_brand_name, hotel_name, room_id, extensibility)
	VALUES ('Marriott', 'Courtyard', 104, 'Add extra bed quilt');
INSERT INTO room_extensibility(hotel_brand_name, hotel_name, room_id, extensibility)
	VALUES ('Marriott', 'Courtyard', 105, 'Add extra bed quilt');

INSERT INTO room_extensibility(hotel_brand_name, hotel_name, room_id, extensibility)
	VALUES ('Marriott', 'FairfieldInn', 101, 'Add more pillows');
INSERT INTO room_extensibility(hotel_brand_name, hotel_name, room_id, extensibility)
	VALUES ('Marriott', 'FairfieldInn', 102, 'Add one more bed');
INSERT INTO room_extensibility(hotel_brand_name, hotel_name, room_id, extensibility)
	VALUES ('Marriott', 'FairfieldInn', 103, 'Add extra bed quilt');
INSERT INTO room_extensibility(hotel_brand_name, hotel_name, room_id, extensibility)
	VALUES ('Marriott', 'FairfieldInn', 103, 'Add one more bed');
INSERT INTO room_extensibility(hotel_brand_name, hotel_name, room_id, extensibility)
	VALUES ('Marriott', 'FairfieldInn', 104, 'Add extra bed quilt');
INSERT INTO room_extensibility(hotel_brand_name, hotel_name, room_id, extensibility)
	VALUES ('Marriott', 'FairfieldInn', 105, 'Add extra bed quilt');

INSERT INTO room_extensibility(hotel_brand_name, hotel_name, room_id, extensibility)
	VALUES ('Marriott', 'ResidenceInn', 101, 'Add more pillows');
INSERT INTO room_extensibility(hotel_brand_name, hotel_name, room_id, extensibility)
	VALUES ('Marriott', 'ResidenceInn', 102, 'Add one more bed');
INSERT INTO room_extensibility(hotel_brand_name, hotel_name, room_id, extensibility)
	VALUES ('Marriott', 'ResidenceInn', 103, 'Add extra bed quilt');
INSERT INTO room_extensibility(hotel_brand_name, hotel_name, room_id, extensibility)
	VALUES ('Marriott', 'ResidenceInn', 104, 'Add one more bed');
INSERT INTO room_extensibility(hotel_brand_name, hotel_name, room_id, extensibility)
	VALUES ('Marriott', 'ResidenceInn', 104, 'Add extra bed quilt');
INSERT INTO room_extensibility(hotel_brand_name, hotel_name, room_id, extensibility)
	VALUES ('Marriott', 'ResidenceInn', 105, 'Add extra bed quilt');


INSERT INTO room_extensibility(hotel_brand_name, hotel_name, room_id, extensibility)
	VALUES ('Fruit', 'Apple', 101, 'Add more pillows');
INSERT INTO room_extensibility(hotel_brand_name, hotel_name, room_id, extensibility)
	VALUES ('Fruit', 'Apple', 102, 'Add one more bed');
INSERT INTO room_extensibility(hotel_brand_name, hotel_name, room_id, extensibility)
	VALUES ('Fruit', 'Apple', 103, 'Add extra bed quilt');
INSERT INTO room_extensibility(hotel_brand_name, hotel_name, room_id, extensibility)
	VALUES ('Fruit', 'Apple', 103, 'Add one more bed');
INSERT INTO room_extensibility(hotel_brand_name, hotel_name, room_id, extensibility)
	VALUES ('Fruit', 'Apple', 104, 'Add extra bed quilt');
INSERT INTO room_extensibility(hotel_brand_name, hotel_name, room_id, extensibility)
	VALUES ('Fruit', 'Apple', 105, 'Add extra bed quilt');

INSERT INTO room_extensibility(hotel_brand_name, hotel_name, room_id, extensibility)
	VALUES ('Fruit', 'Kiwi', 101, 'Add more pillows');
INSERT INTO room_extensibility(hotel_brand_name, hotel_name, room_id, extensibility)
	VALUES ('Fruit', 'Kiwi', 101, 'Add one more bed');
INSERT INTO room_extensibility(hotel_brand_name, hotel_name, room_id, extensibility)
	VALUES ('Fruit', 'Kiwi', 102, 'Add extra bed quilt');
INSERT INTO room_extensibility(hotel_brand_name, hotel_name, room_id, extensibility)
	VALUES ('Fruit', 'Kiwi', 103, 'Add one more bed');
INSERT INTO room_extensibility(hotel_brand_name, hotel_name, room_id, extensibility)
	VALUES ('Fruit', 'Kiwi', 104, 'Add extra bed quilt');
INSERT INTO room_extensibility(hotel_brand_name, hotel_name, room_id, extensibility)
	VALUES ('Fruit', 'Kiwi', 105, 'Add extra bed quilt');

INSERT INTO room_extensibility(hotel_brand_name, hotel_name, room_id, extensibility)
	VALUES ('Fruit', 'Lemon', 101, 'Add more pillows');
INSERT INTO room_extensibility(hotel_brand_name, hotel_name, room_id, extensibility)
	VALUES ('Fruit', 'Lemon', 102, 'Add one more bed');
INSERT INTO room_extensibility(hotel_brand_name, hotel_name, room_id, extensibility)
	VALUES ('Fruit', 'Lemon', 103, 'Add extra bed quilt');
INSERT INTO room_extensibility(hotel_brand_name, hotel_name, room_id, extensibility)
	VALUES ('Fruit', 'Lemon', 104, 'Add one more bed');
INSERT INTO room_extensibility(hotel_brand_name, hotel_name, room_id, extensibility)
	VALUES ('Fruit', 'Lemon', 104, 'Add extra bed quilt');
INSERT INTO room_extensibility(hotel_brand_name, hotel_name, room_id, extensibility)
	VALUES ('Fruit', 'Lemon', 105, 'Add extra bed quilt');

INSERT INTO room_extensibility(hotel_brand_name, hotel_name, room_id, extensibility)
	VALUES ('Fruit', 'Orange', 101, 'Add more pillows');
INSERT INTO room_extensibility(hotel_brand_name, hotel_name, room_id, extensibility)
	VALUES ('Fruit', 'Orange', 102, 'Add one more bed');
INSERT INTO room_extensibility(hotel_brand_name, hotel_name, room_id, extensibility)
	VALUES ('Fruit', 'Orange', 103, 'Add extra bed quilt');
INSERT INTO room_extensibility(hotel_brand_name, hotel_name, room_id, extensibility)
	VALUES ('Fruit', 'Orange', 104, 'Add one more bed');
INSERT INTO room_extensibility(hotel_brand_name, hotel_name, room_id, extensibility)
	VALUES ('Fruit', 'Orange', 105, 'Add one more bed');
INSERT INTO room_extensibility(hotel_brand_name, hotel_name, room_id, extensibility)
	VALUES ('Fruit', 'Orange', 105, 'Add extra bed quilt');

INSERT INTO room_extensibility(hotel_brand_name, hotel_name, room_id, extensibility)
	VALUES ('Fruit', 'Pear', 101, 'Add more pillows');
INSERT INTO room_extensibility(hotel_brand_name, hotel_name, room_id, extensibility)
	VALUES ('Fruit', 'Pear', 102, 'Add one more bed');
INSERT INTO room_extensibility(hotel_brand_name, hotel_name, room_id, extensibility)
	VALUES ('Fruit', 'Pear', 103, 'Add extra bed quilt');
INSERT INTO room_extensibility(hotel_brand_name, hotel_name, room_id, extensibility)
	VALUES ('Fruit', 'Pear', 104, 'Add one more bed');
INSERT INTO room_extensibility(hotel_brand_name, hotel_name, room_id, extensibility)
	VALUES ('Fruit', 'Pear', 104, 'Add extra bed quilt');
INSERT INTO room_extensibility(hotel_brand_name, hotel_name, room_id, extensibility)
	VALUES ('Fruit', 'Pear', 105, 'Add extra bed quilt');


INSERT INTO room_extensibility(hotel_brand_name, hotel_name, room_id, extensibility)
	VALUES ('Galaxy', 'Jupiter', 101, 'Add more pillows');
INSERT INTO room_extensibility(hotel_brand_name, hotel_name, room_id, extensibility)
	VALUES ('Galaxy', 'Jupiter', 102, 'Add one more bed');
INSERT INTO room_extensibility(hotel_brand_name, hotel_name, room_id, extensibility)
	VALUES ('Galaxy', 'Jupiter', 103, 'Add extra bed quilt');
INSERT INTO room_extensibility(hotel_brand_name, hotel_name, room_id, extensibility)
	VALUES ('Galaxy', 'Jupiter', 104, 'Add one more bed');
INSERT INTO room_extensibility(hotel_brand_name, hotel_name, room_id, extensibility)
	VALUES ('Galaxy', 'Jupiter', 104, 'Add extra bed quilt');
INSERT INTO room_extensibility(hotel_brand_name, hotel_name, room_id, extensibility)
	VALUES ('Galaxy', 'Jupiter', 105, 'Add extra bed quilt');

INSERT INTO room_extensibility(hotel_brand_name, hotel_name, room_id, extensibility)
	VALUES ('Galaxy', 'Mars', 101, 'Add more pillows');
INSERT INTO room_extensibility(hotel_brand_name, hotel_name, room_id, extensibility)
	VALUES ('Galaxy', 'Mars', 102, 'Add one more bed');
INSERT INTO room_extensibility(hotel_brand_name, hotel_name, room_id, extensibility)
	VALUES ('Galaxy', 'Mars', 102, 'Add extra bed quilt');
INSERT INTO room_extensibility(hotel_brand_name, hotel_name, room_id, extensibility)
	VALUES ('Galaxy', 'Mars', 103, 'Add one more bed');
INSERT INTO room_extensibility(hotel_brand_name, hotel_name, room_id, extensibility)
	VALUES ('Galaxy', 'Mars', 104, 'Add extra bed quilt');
INSERT INTO room_extensibility(hotel_brand_name, hotel_name, room_id, extensibility)
	VALUES ('Galaxy', 'Mars', 105, 'Add extra bed quilt');

INSERT INTO room_extensibility(hotel_brand_name, hotel_name, room_id, extensibility)
	VALUES ('Galaxy', 'Saturn', 101, 'Add more pillows');
INSERT INTO room_extensibility(hotel_brand_name, hotel_name, room_id, extensibility)
	VALUES ('Galaxy', 'Saturn', 101, 'Add one more bed');
INSERT INTO room_extensibility(hotel_brand_name, hotel_name, room_id, extensibility)
	VALUES ('Galaxy', 'Saturn', 102, 'Add extra bed quilt');
INSERT INTO room_extensibility(hotel_brand_name, hotel_name, room_id, extensibility)
	VALUES ('Galaxy', 'Saturn', 103, 'Add one more bed');
INSERT INTO room_extensibility(hotel_brand_name, hotel_name, room_id, extensibility)
	VALUES ('Galaxy', 'Saturn', 104, 'Add extra bed quilt');
INSERT INTO room_extensibility(hotel_brand_name, hotel_name, room_id, extensibility)
	VALUES ('Galaxy', 'Saturn', 105, 'Add extra bed quilt');

INSERT INTO room_extensibility(hotel_brand_name, hotel_name, room_id, extensibility)
	VALUES ('Galaxy', 'Uranus', 101, 'Add more pillows');
INSERT INTO room_extensibility(hotel_brand_name, hotel_name, room_id, extensibility)
	VALUES ('Galaxy', 'Uranus', 102, 'Add one more bed');
INSERT INTO room_extensibility(hotel_brand_name, hotel_name, room_id, extensibility)
	VALUES ('Galaxy', 'Uranus', 103, 'Add extra bed quilt');
INSERT INTO room_extensibility(hotel_brand_name, hotel_name, room_id, extensibility)
	VALUES ('Galaxy', 'Uranus', 104, 'Add one more bed');
INSERT INTO room_extensibility(hotel_brand_name, hotel_name, room_id, extensibility)
	VALUES ('Galaxy', 'Uranus', 104, 'Add extra bed quilt');
INSERT INTO room_extensibility(hotel_brand_name, hotel_name, room_id, extensibility)
	VALUES ('Galaxy', 'Uranus', 105, 'Add extra bed quilt');

INSERT INTO room_extensibility(hotel_brand_name, hotel_name, room_id, extensibility)
	VALUES ('Galaxy', 'Venus', 101, 'Add more pillows');
INSERT INTO room_extensibility(hotel_brand_name, hotel_name, room_id, extensibility)
	VALUES ('Galaxy', 'Venus', 102, 'Add one more bed');
INSERT INTO room_extensibility(hotel_brand_name, hotel_name, room_id, extensibility)
	VALUES ('Galaxy', 'Venus', 103, 'Add extra bed quilt');
INSERT INTO room_extensibility(hotel_brand_name, hotel_name, room_id, extensibility)
	VALUES ('Galaxy', 'Venus', 103, 'Add one more bed');
INSERT INTO room_extensibility(hotel_brand_name, hotel_name, room_id, extensibility)
	VALUES ('Galaxy', 'Venus', 104, 'Add extra bed quilt');
INSERT INTO room_extensibility(hotel_brand_name, hotel_name, room_id, extensibility)
	VALUES ('Galaxy', 'Venus', 105, 'Add extra bed quilt');


INSERT INTO room_extensibility(hotel_brand_name, hotel_name, room_id, extensibility)
	VALUES ('Geometric', 'Circle', 101, 'Add more pillows');
INSERT INTO room_extensibility(hotel_brand_name, hotel_name, room_id, extensibility)
	VALUES ('Geometric', 'Circle', 102, 'Add one more bed');
INSERT INTO room_extensibility(hotel_brand_name, hotel_name, room_id, extensibility)
	VALUES ('Geometric', 'Circle', 103, 'Add extra bed quilt');
INSERT INTO room_extensibility(hotel_brand_name, hotel_name, room_id, extensibility)
	VALUES ('Geometric', 'Circle', 103, 'Add one more bed');
INSERT INTO room_extensibility(hotel_brand_name, hotel_name, room_id, extensibility)
	VALUES ('Geometric', 'Circle', 104, 'Add extra bed quilt');
INSERT INTO room_extensibility(hotel_brand_name, hotel_name, room_id, extensibility)
	VALUES ('Geometric', 'Circle', 105, 'Add extra bed quilt');

INSERT INTO room_extensibility(hotel_brand_name, hotel_name, room_id, extensibility)
	VALUES ('Geometric', 'Diamond', 101, 'Add more pillows');
INSERT INTO room_extensibility(hotel_brand_name, hotel_name, room_id, extensibility)
	VALUES ('Geometric', 'Diamond', 102, 'Add one more bed');
INSERT INTO room_extensibility(hotel_brand_name, hotel_name, room_id, extensibility)
	VALUES ('Geometric', 'Diamond', 103, 'Add extra bed quilt');
INSERT INTO room_extensibility(hotel_brand_name, hotel_name, room_id, extensibility)
	VALUES ('Geometric', 'Diamond', 103, 'Add one more bed');
INSERT INTO room_extensibility(hotel_brand_name, hotel_name, room_id, extensibility)
	VALUES ('Geometric', 'Diamond', 104, 'Add extra bed quilt');
INSERT INTO room_extensibility(hotel_brand_name, hotel_name, room_id, extensibility)
	VALUES ('Geometric', 'Diamond', 105, 'Add extra bed quilt');

INSERT INTO room_extensibility(hotel_brand_name, hotel_name, room_id, extensibility)
	VALUES ('Geometric', 'Rectangle', 101, 'Add more pillows');
INSERT INTO room_extensibility(hotel_brand_name, hotel_name, room_id, extensibility)
	VALUES ('Geometric', 'Rectangle', 101, 'Add one more bed');
INSERT INTO room_extensibility(hotel_brand_name, hotel_name, room_id, extensibility)
	VALUES ('Geometric', 'Rectangle', 102, 'Add extra bed quilt');
INSERT INTO room_extensibility(hotel_brand_name, hotel_name, room_id, extensibility)
	VALUES ('Geometric', 'Rectangle', 103, 'Add one more bed');
INSERT INTO room_extensibility(hotel_brand_name, hotel_name, room_id, extensibility)
	VALUES ('Geometric', 'Rectangle', 104, 'Add extra bed quilt');
INSERT INTO room_extensibility(hotel_brand_name, hotel_name, room_id, extensibility)
	VALUES ('Geometric', 'Rectangle', 105, 'Add extra bed quilt');

INSERT INTO room_extensibility(hotel_brand_name, hotel_name, room_id, extensibility)
	VALUES ('Geometric', 'Square', 101, 'Add more pillows');
INSERT INTO room_extensibility(hotel_brand_name, hotel_name, room_id, extensibility)
	VALUES ('Geometric', 'Square', 102, 'Add one more bed');
INSERT INTO room_extensibility(hotel_brand_name, hotel_name, room_id, extensibility)
	VALUES ('Geometric', 'Square', 103, 'Add extra bed quilt');
INSERT INTO room_extensibility(hotel_brand_name, hotel_name, room_id, extensibility)
	VALUES ('Geometric', 'Square', 104, 'Add one more bed');
INSERT INTO room_extensibility(hotel_brand_name, hotel_name, room_id, extensibility)
	VALUES ('Geometric', 'Square', 104, 'Add extra bed quilt');
INSERT INTO room_extensibility(hotel_brand_name, hotel_name, room_id, extensibility)
	VALUES ('Geometric', 'Square', 105, 'Add extra bed quilt');

INSERT INTO room_extensibility(hotel_brand_name, hotel_name, room_id, extensibility)
	VALUES ('Geometric', 'Trapezoid', 101, 'Add more pillows');
INSERT INTO room_extensibility(hotel_brand_name, hotel_name, room_id, extensibility)
	VALUES ('Geometric', 'Trapezoid', 102, 'Add one more bed');
INSERT INTO room_extensibility(hotel_brand_name, hotel_name, room_id, extensibility)
	VALUES ('Geometric', 'Trapezoid', 103, 'Add extra bed quilt');
INSERT INTO room_extensibility(hotel_brand_name, hotel_name, room_id, extensibility)
	VALUES ('Geometric', 'Trapezoid', 103, 'Add one more bed');
INSERT INTO room_extensibility(hotel_brand_name, hotel_name, room_id, extensibility)
	VALUES ('Geometric', 'Trapezoid', 104, 'Add extra bed quilt');
INSERT INTO room_extensibility(hotel_brand_name, hotel_name, room_id, extensibility)
	VALUES ('Geometric', 'Trapezoid', 105, 'Add extra bed quilt');


INSERT INTO room_extensibility(hotel_brand_name, hotel_name, room_id, extensibility)
	VALUES ('Hyatt', 'Grand Hyatt', 101, 'Add more pillows');
INSERT INTO room_extensibility(hotel_brand_name, hotel_name, room_id, extensibility)
	VALUES ('Hyatt', 'Grand Hyatt', 102, 'Add one more bed');
INSERT INTO room_extensibility(hotel_brand_name, hotel_name, room_id, extensibility)
	VALUES ('Hyatt', 'Grand Hyatt', 103, 'Add extra bed quilt');
INSERT INTO room_extensibility(hotel_brand_name, hotel_name, room_id, extensibility)
	VALUES ('Hyatt', 'Grand Hyatt', 103, 'Add one more bed');
INSERT INTO room_extensibility(hotel_brand_name, hotel_name, room_id, extensibility)
	VALUES ('Hyatt', 'Grand Hyatt', 104, 'Add extra bed quilt');
INSERT INTO room_extensibility(hotel_brand_name, hotel_name, room_id, extensibility)
	VALUES ('Hyatt', 'Grand Hyatt', 105, 'Add extra bed quilt');

INSERT INTO room_extensibility(hotel_brand_name, hotel_name, room_id, extensibility)
	VALUES ('Hyatt', 'Park Hyatt', 101, 'Add more pillows');
INSERT INTO room_extensibility(hotel_brand_name, hotel_name, room_id, extensibility)
	VALUES ('Hyatt', 'Park Hyatt', 102, 'Add one more bed');
INSERT INTO room_extensibility(hotel_brand_name, hotel_name, room_id, extensibility)
	VALUES ('Hyatt', 'Park Hyatt', 103, 'Add extra bed quilt');
INSERT INTO room_extensibility(hotel_brand_name, hotel_name, room_id, extensibility)
	VALUES ('Hyatt', 'Park Hyatt', 103, 'Add one more bed');
INSERT INTO room_extensibility(hotel_brand_name, hotel_name, room_id, extensibility)
	VALUES ('Hyatt', 'Park Hyatt', 104, 'Add extra bed quilt');
INSERT INTO room_extensibility(hotel_brand_name, hotel_name, room_id, extensibility)
	VALUES ('Hyatt', 'Park Hyatt', 105, 'Add extra bed quilt');

INSERT INTO room_extensibility(hotel_brand_name, hotel_name, room_id, extensibility)
	VALUES ('Hyatt', 'Hyatt Place', 101, 'Add more pillows');
INSERT INTO room_extensibility(hotel_brand_name, hotel_name, room_id, extensibility)
	VALUES ('Hyatt', 'Hyatt Place', 101, 'Add one more bed');
INSERT INTO room_extensibility(hotel_brand_name, hotel_name, room_id, extensibility)
	VALUES ('Hyatt', 'Hyatt Place', 102, 'Add extra bed quilt');
INSERT INTO room_extensibility(hotel_brand_name, hotel_name, room_id, extensibility)
	VALUES ('Hyatt', 'Hyatt Place', 103, 'Add one more bed');
INSERT INTO room_extensibility(hotel_brand_name, hotel_name, room_id, extensibility)
	VALUES ('Hyatt', 'Hyatt Place', 104, 'Add extra bed quilt');
INSERT INTO room_extensibility(hotel_brand_name, hotel_name, room_id, extensibility)
	VALUES ('Hyatt', 'Hyatt Place', 105, 'Add extra bed quilt');

INSERT INTO room_extensibility(hotel_brand_name, hotel_name, room_id, extensibility)
	VALUES ('Hyatt', 'Hyatt Regency', 101, 'Add more pillows');
INSERT INTO room_extensibility(hotel_brand_name, hotel_name, room_id, extensibility)
	VALUES ('Hyatt', 'Hyatt Regency', 102, 'Add one more bed');
INSERT INTO room_extensibility(hotel_brand_name, hotel_name, room_id, extensibility)
	VALUES ('Hyatt', 'Hyatt Regency', 102, 'Add extra bed quilt');
INSERT INTO room_extensibility(hotel_brand_name, hotel_name, room_id, extensibility)
	VALUES ('Hyatt', 'Hyatt Regency', 103, 'Add one more bed');
INSERT INTO room_extensibility(hotel_brand_name, hotel_name, room_id, extensibility)
	VALUES ('Hyatt', 'Hyatt Regency', 104, 'Add extra bed quilt');
INSERT INTO room_extensibility(hotel_brand_name, hotel_name, room_id, extensibility)
	VALUES ('Hyatt', 'Hyatt Regency', 105, 'Add extra bed quilt');

INSERT INTO room_extensibility(hotel_brand_name, hotel_name, room_id, extensibility)
	VALUES ('Hyatt', 'Hyatt Zilara', 101, 'Add more pillows');
INSERT INTO room_extensibility(hotel_brand_name, hotel_name, room_id, extensibility)
	VALUES ('Hyatt', 'Hyatt Zilara', 102, 'Add one more bed');
INSERT INTO room_extensibility(hotel_brand_name, hotel_name, room_id, extensibility)
	VALUES ('Hyatt', 'Hyatt Zilara', 103, 'Add extra bed quilt');
INSERT INTO room_extensibility(hotel_brand_name, hotel_name, room_id, extensibility)
	VALUES ('Hyatt', 'Hyatt Zilara', 103, 'Add one more bed');
INSERT INTO room_extensibility(hotel_brand_name, hotel_name, room_id, extensibility)
	VALUES ('Hyatt', 'Hyatt Zilara', 104, 'Add extra bed quilt');
INSERT INTO room_extensibility(hotel_brand_name, hotel_name, room_id, extensibility)
	VALUES ('Hyatt', 'Hyatt Zilara', 105, 'Add extra bed quilt');

--------------------------------------------------Room_view---------------------------------------------------------
INSERT INTO room_view(hotel_brand_name, hotel_name, room_id, view)
	VALUES ('Hilton', 'Double Tree', 101, 'lake view');
INSERT INTO room_view(hotel_brand_name, hotel_name, room_id, view)
	VALUES ('Hilton', 'Double Tree', 102, 'road view');
INSERT INTO room_view(hotel_brand_name, hotel_name, room_id, view)
	VALUES ('Hilton', 'Double Tree', 103, 'lake view');
INSERT INTO room_view(hotel_brand_name, hotel_name, room_id, view)
	VALUES ('Hilton', 'Double Tree', 104, 'lake view');
INSERT INTO room_view(hotel_brand_name, hotel_name, room_id, view)
	VALUES ('Hilton', 'Double Tree', 104, 'mountain view');
INSERT INTO room_view(hotel_brand_name, hotel_name, room_id, view)
	VALUES ('Hilton', 'Double Tree', 105, 'road view');

INSERT INTO room_view(hotel_brand_name, hotel_name, room_id, view)
	VALUES ('Hilton', 'Hilton Garden Inn', 101, 'sea view');
INSERT INTO room_view(hotel_brand_name, hotel_name, room_id, view)
	VALUES ('Hilton', 'Hilton Garden Inn', 102, 'mountain view');
INSERT INTO room_view(hotel_brand_name, hotel_name, room_id, view)
	VALUES ('Hilton', 'Hilton Garden Inn', 103, 'mountain view');
INSERT INTO room_view(hotel_brand_name, hotel_name, room_id, view)
	VALUES ('Hilton', 'Hilton Garden Inn', 104, 'mountain view');
INSERT INTO room_view(hotel_brand_name, hotel_name, room_id, view)
	VALUES ('Hilton', 'Hilton Garden Inn', 105, 'mountain view');
INSERT INTO room_view(hotel_brand_name, hotel_name, room_id, view)
	VALUES ('Hilton', 'Hilton Garden Inn', 105, 'road view');

INSERT INTO room_view(hotel_brand_name, hotel_name, room_id, view)
	VALUES ('Hilton', 'Hampton', 101, 'sea view');
INSERT INTO room_view(hotel_brand_name, hotel_name, room_id, view)
	VALUES ('Hilton', 'Hampton', 101, 'mountain view');
INSERT INTO room_view(hotel_brand_name, hotel_name, room_id, view)
	VALUES ('Hilton', 'Hampton', 102, 'mountain view');
INSERT INTO room_view(hotel_brand_name, hotel_name, room_id, view)
	VALUES ('Hilton', 'Hampton', 103, 'mountain view');
INSERT INTO room_view(hotel_brand_name, hotel_name, room_id, view)
	VALUES ('Hilton', 'Hampton', 104, 'mountain view');
INSERT INTO room_view(hotel_brand_name, hotel_name, room_id, view)
	VALUES ('Hilton', 'Hampton', 105, 'road view');

INSERT INTO room_view(hotel_brand_name, hotel_name, room_id, view)
	VALUES ('Hilton', 'Embassy Suites', 101, 'lake view');
INSERT INTO room_view(hotel_brand_name, hotel_name, room_id, view)
	VALUES ('Hilton', 'Embassy Suites', 101, 'road view');
INSERT INTO room_view(hotel_brand_name, hotel_name, room_id, view)
	VALUES ('Hilton', 'Embassy Suites', 102, 'mountain view');
INSERT INTO room_view(hotel_brand_name, hotel_name, room_id, view)
	VALUES ('Hilton', 'Embassy Suites', 103, 'mountain view');
INSERT INTO room_view(hotel_brand_name, hotel_name, room_id, view)
	VALUES ('Hilton', 'Embassy Suites', 104, 'mountain view');
INSERT INTO room_view(hotel_brand_name, hotel_name, room_id, view)
	VALUES ('Hilton', 'Embassy Suites', 105, 'road view');

INSERT INTO room_view(hotel_brand_name, hotel_name, room_id, view)
	VALUES ('Hilton', 'CONRAD', 101, 'sea view');
INSERT INTO room_view(hotel_brand_name, hotel_name, room_id, view)
	VALUES ('Hilton', 'CONRAD', 101, 'mountain view');
INSERT INTO room_view(hotel_brand_name, hotel_name, room_id, view)
	VALUES ('Hilton', 'CONRAD', 102, 'mountain view');
INSERT INTO room_view(hotel_brand_name, hotel_name, room_id, view)
	VALUES ('Hilton', 'CONRAD', 103, 'mountain view');
INSERT INTO room_view(hotel_brand_name, hotel_name, room_id, view)
	VALUES ('Hilton', 'CONRAD', 104, 'mountain view');
INSERT INTO room_view(hotel_brand_name, hotel_name, room_id, view)
	VALUES ('Hilton', 'CONRAD', 105, 'road view');


INSERT INTO room_view(hotel_brand_name, hotel_name, room_id, view)
	VALUES ('Marriott', 'Sheraton', 101, 'forest view');
INSERT INTO room_view(hotel_brand_name, hotel_name, room_id, view)
	VALUES ('Marriott', 'Sheraton', 102, 'trail view');
INSERT INTO room_view(hotel_brand_name, hotel_name, room_id, view)
	VALUES ('Marriott', 'Sheraton', 103, 'forest view');
INSERT INTO room_view(hotel_brand_name, hotel_name, room_id, view)
	VALUES ('Marriott', 'Sheraton', 103, 'trail view');
INSERT INTO room_view(hotel_brand_name, hotel_name, room_id, view)
	VALUES ('Marriott', 'Sheraton', 104, 'forest view');
INSERT INTO room_view(hotel_brand_name, hotel_name, room_id, view)
	VALUES ('Marriott', 'Sheraton', 105, 'trail view');

INSERT INTO room_view(hotel_brand_name, hotel_name, room_id, view)
	VALUES ('Marriott', 'Delta', 101, 'lake view');
INSERT INTO room_view(hotel_brand_name, hotel_name, room_id, view)
	VALUES ('Marriott', 'Delta', 101, 'road view');
INSERT INTO room_view(hotel_brand_name, hotel_name, room_id, view)
	VALUES ('Marriott', 'Delta', 102, 'lake view');
INSERT INTO room_view(hotel_brand_name, hotel_name, room_id, view)
	VALUES ('Marriott', 'Delta', 103, 'road view');
INSERT INTO room_view(hotel_brand_name, hotel_name, room_id, view)
	VALUES ('Marriott', 'Delta', 104, 'lake view');
INSERT INTO room_view(hotel_brand_name, hotel_name, room_id, view)
	VALUES ('Marriott', 'Delta', 105, 'road view');
INSERT INTO room_view(hotel_brand_name, hotel_name, room_id, view)
	VALUES ('Marriott', 'Delta', 105, 'lake view');

INSERT INTO room_view(hotel_brand_name, hotel_name, room_id, view)
	VALUES ('Marriott', 'Courtyard', 101, 'forest view');
INSERT INTO room_view(hotel_brand_name, hotel_name, room_id, view)
	VALUES ('Marriott', 'Courtyard', 102, 'trail view');
INSERT INTO room_view(hotel_brand_name, hotel_name, room_id, view)
	VALUES ('Marriott', 'Courtyard', 103, 'forest view');
INSERT INTO room_view(hotel_brand_name, hotel_name, room_id, view)
	VALUES ('Marriott', 'Courtyard', 103, 'trail view');
INSERT INTO room_view(hotel_brand_name, hotel_name, room_id, view)
	VALUES ('Marriott', 'Courtyard', 104, 'forest view');
INSERT INTO room_view(hotel_brand_name, hotel_name, room_id, view)
	VALUES ('Marriott', 'Courtyard', 105, 'trail view');

INSERT INTO room_view(hotel_brand_name, hotel_name, room_id, view)
	VALUES ('Marriott', 'FairfieldInn', 101, 'lake view');
INSERT INTO room_view(hotel_brand_name, hotel_name, room_id, view)
	VALUES ('Marriott', 'FairfieldInn', 101, 'road view');
INSERT INTO room_view(hotel_brand_name, hotel_name, room_id, view)
	VALUES ('Marriott', 'FairfieldInn', 102, 'lake view');
INSERT INTO room_view(hotel_brand_name, hotel_name, room_id, view)
	VALUES ('Marriott', 'FairfieldInn', 103, 'road view');
INSERT INTO room_view(hotel_brand_name, hotel_name, room_id, view)
	VALUES ('Marriott', 'FairfieldInn', 104, 'lake view');
INSERT INTO room_view(hotel_brand_name, hotel_name, room_id, view)
	VALUES ('Marriott', 'FairfieldInn', 105, 'road view');
INSERT INTO room_view(hotel_brand_name, hotel_name, room_id, view)
	VALUES ('Marriott', 'FairfieldInn', 105, 'lake view');

INSERT INTO room_view(hotel_brand_name, hotel_name, room_id, view)
	VALUES ('Marriott', 'ResidenceInn', 101, 'lake view');
INSERT INTO room_view(hotel_brand_name, hotel_name, room_id, view)
	VALUES ('Marriott', 'ResidenceInn', 101, 'road view');
INSERT INTO room_view(hotel_brand_name, hotel_name, room_id, view)
	VALUES ('Marriott', 'ResidenceInn', 102, 'lake view');
INSERT INTO room_view(hotel_brand_name, hotel_name, room_id, view)
	VALUES ('Marriott', 'ResidenceInn', 103, 'mountain view');
INSERT INTO room_view(hotel_brand_name, hotel_name, room_id, view)
	VALUES ('Marriott', 'ResidenceInn', 104, 'lake view');
INSERT INTO room_view(hotel_brand_name, hotel_name, room_id, view)
	VALUES ('Marriott', 'ResidenceInn', 105, 'road view');
INSERT INTO room_view(hotel_brand_name, hotel_name, room_id, view)
	VALUES ('Marriott', 'ResidenceInn', 105, 'lake view');


INSERT INTO room_view(hotel_brand_name, hotel_name, room_id, view)
	VALUES ('Fruit', 'Apple', 101, 'lake view');
INSERT INTO room_view(hotel_brand_name, hotel_name, room_id, view)
	VALUES ('Fruit', 'Apple', 102, 'road view');
INSERT INTO room_view(hotel_brand_name, hotel_name, room_id, view)
	VALUES ('Fruit', 'Apple', 103, 'forest view');
INSERT INTO room_view(hotel_brand_name, hotel_name, room_id, view)
	VALUES ('Fruit', 'Apple', 103, 'lake view');
INSERT INTO room_view(hotel_brand_name, hotel_name, room_id, view)
	VALUES ('Fruit', 'Apple', 104, 'trail view');
INSERT INTO room_view(hotel_brand_name, hotel_name, room_id, view)
	VALUES ('Fruit', 'Apple', 105, 'lake view');

INSERT INTO room_view(hotel_brand_name, hotel_name, room_id, view)
	VALUES ('Fruit', 'Kiwi', 101, 'road view');
INSERT INTO room_view(hotel_brand_name, hotel_name, room_id, view)
	VALUES ('Fruit', 'Kiwi', 101, 'lake view');
INSERT INTO room_view(hotel_brand_name, hotel_name, room_id, view)
	VALUES ('Fruit', 'Kiwi', 102, 'forest view');
INSERT INTO room_view(hotel_brand_name, hotel_name, room_id, view)
	VALUES ('Fruit', 'Kiwi', 103, 'forest view');
INSERT INTO room_view(hotel_brand_name, hotel_name, room_id, view)
	VALUES ('Fruit', 'Kiwi', 104, 'lake view');
INSERT INTO room_view(hotel_brand_name, hotel_name, room_id, view)
	VALUES ('Fruit', 'Kiwi', 105, 'trail view');

INSERT INTO room_view(hotel_brand_name, hotel_name, room_id, view)
	VALUES ('Fruit', 'Lemon', 101, 'lake view');
INSERT INTO room_view(hotel_brand_name, hotel_name, room_id, view)
	VALUES ('Fruit', 'Lemon', 102, 'trail view');
INSERT INTO room_view(hotel_brand_name, hotel_name, room_id, view)
	VALUES ('Fruit', 'Lemon', 103, 'lake view');
INSERT INTO room_view(hotel_brand_name, hotel_name, room_id, view)
	VALUES ('Fruit', 'Lemon', 104, 'road view');
INSERT INTO room_view(hotel_brand_name, hotel_name, room_id, view)
	VALUES ('Fruit', 'Lemon', 104, 'lake view');
INSERT INTO room_view(hotel_brand_name, hotel_name, room_id, view)
	VALUES ('Fruit', 'Lemon', 105, 'forest view');

INSERT INTO room_view(hotel_brand_name, hotel_name, room_id, view)
	VALUES ('Fruit', 'Orange', 101, 'trail view');
INSERT INTO room_view(hotel_brand_name, hotel_name, room_id, view)
	VALUES ('Fruit', 'Orange', 102, 'lake view');
INSERT INTO room_view(hotel_brand_name, hotel_name, room_id, view)
	VALUES ('Fruit', 'Orange', 103, 'lake view');
INSERT INTO room_view(hotel_brand_name, hotel_name, room_id, view)
	VALUES ('Fruit', 'Orange', 104, 'forest view');
INSERT INTO room_view(hotel_brand_name, hotel_name, room_id, view)
	VALUES ('Fruit', 'Orange', 105, 'road view');
INSERT INTO room_view(hotel_brand_name, hotel_name, room_id, view)
	VALUES ('Fruit', 'Orange', 105, 'forest view');

INSERT INTO room_view(hotel_brand_name, hotel_name, room_id, view)
	VALUES ('Fruit', 'Pear', 101, 'lake view');
INSERT INTO room_view(hotel_brand_name, hotel_name, room_id, view)
	VALUES ('Fruit', 'Pear', 102, 'forest view');
INSERT INTO room_view(hotel_brand_name, hotel_name, room_id, view)
	VALUES ('Fruit', 'Pear', 103, 'lake view');
INSERT INTO room_view(hotel_brand_name, hotel_name, room_id, view)
	VALUES ('Fruit', 'Pear', 104, 'road view');
INSERT INTO room_view(hotel_brand_name, hotel_name, room_id, view)
	VALUES ('Fruit', 'Pear', 104, 'lake view');
INSERT INTO room_view(hotel_brand_name, hotel_name, room_id, view)
	VALUES ('Fruit', 'Pear', 105, 'trail view');


INSERT INTO room_view(hotel_brand_name, hotel_name, room_id, view)
	VALUES ('Galaxy', 'Jupiter', 101, 'lake view');
INSERT INTO room_view(hotel_brand_name, hotel_name, room_id, view)
	VALUES ('Galaxy', 'Jupiter', 102, 'road view');
INSERT INTO room_view(hotel_brand_name, hotel_name, room_id, view)
	VALUES ('Galaxy', 'Jupiter', 103, 'forest view');
INSERT INTO room_view(hotel_brand_name, hotel_name, room_id, view)
	VALUES ('Galaxy', 'Jupiter', 103, 'lake view');
INSERT INTO room_view(hotel_brand_name, hotel_name, room_id, view)
	VALUES ('Galaxy', 'Jupiter', 104, 'trail view');
INSERT INTO room_view(hotel_brand_name, hotel_name, room_id, view)
	VALUES ('Galaxy', 'Jupiter', 105, 'lake view');

INSERT INTO room_view(hotel_brand_name, hotel_name, room_id, view)
	VALUES ('Galaxy', 'Mars', 101, 'road view');
INSERT INTO room_view(hotel_brand_name, hotel_name, room_id, view)
	VALUES ('Galaxy', 'Mars', 101, 'lake view');
INSERT INTO room_view(hotel_brand_name, hotel_name, room_id, view)
	VALUES ('Galaxy', 'Mars', 102, 'forest view');
INSERT INTO room_view(hotel_brand_name, hotel_name, room_id, view)
	VALUES ('Galaxy', 'Mars', 103, 'forest view');
INSERT INTO room_view(hotel_brand_name, hotel_name, room_id, view)
	VALUES ('Galaxy', 'Mars', 104, 'lake view');
INSERT INTO room_view(hotel_brand_name, hotel_name, room_id, view)
	VALUES ('Galaxy', 'Mars', 105, 'trail view');

INSERT INTO room_view(hotel_brand_name, hotel_name, room_id, view)
	VALUES ('Galaxy', 'Saturn', 101, 'lake view');
INSERT INTO room_view(hotel_brand_name, hotel_name, room_id, view)
	VALUES ('Galaxy', 'Saturn', 102, 'trail view');
INSERT INTO room_view(hotel_brand_name, hotel_name, room_id, view)
	VALUES ('Galaxy', 'Saturn', 103, 'lake view');
INSERT INTO room_view(hotel_brand_name, hotel_name, room_id, view)
	VALUES ('Galaxy', 'Saturn', 104, 'road view');
INSERT INTO room_view(hotel_brand_name, hotel_name, room_id, view)
	VALUES ('Galaxy', 'Saturn', 104, 'lake view');
INSERT INTO room_view(hotel_brand_name, hotel_name, room_id, view)
	VALUES ('Galaxy', 'Saturn', 105, 'forest view');

INSERT INTO room_view(hotel_brand_name, hotel_name, room_id, view)
	VALUES ('Galaxy', 'Uranus', 101, 'trail view');
INSERT INTO room_view(hotel_brand_name, hotel_name, room_id, view)
	VALUES ('Galaxy', 'Uranus', 102, 'lake view');
INSERT INTO room_view(hotel_brand_name, hotel_name, room_id, view)
	VALUES ('Galaxy', 'Uranus', 103, 'lake view');
INSERT INTO room_view(hotel_brand_name, hotel_name, room_id, view)
	VALUES ('Galaxy', 'Uranus', 104, 'forest view');
INSERT INTO room_view(hotel_brand_name, hotel_name, room_id, view)
	VALUES ('Galaxy', 'Uranus', 105, 'road view');
INSERT INTO room_view(hotel_brand_name, hotel_name, room_id, view)
	VALUES ('Galaxy', 'Uranus', 105, 'forest view');

INSERT INTO room_view(hotel_brand_name, hotel_name, room_id, view)
	VALUES ('Galaxy', 'Venus', 101, 'lake view');
INSERT INTO room_view(hotel_brand_name, hotel_name, room_id, view)
	VALUES ('Galaxy', 'Venus', 102, 'forest view');
INSERT INTO room_view(hotel_brand_name, hotel_name, room_id, view)
	VALUES ('Galaxy', 'Venus', 103, 'lake view');
INSERT INTO room_view(hotel_brand_name, hotel_name, room_id, view)
	VALUES ('Galaxy', 'Venus', 104, 'road view');
INSERT INTO room_view(hotel_brand_name, hotel_name, room_id, view)
	VALUES ('Galaxy', 'Venus', 104, 'lake view');
INSERT INTO room_view(hotel_brand_name, hotel_name, room_id, view)
	VALUES ('Galaxy', 'Venus', 105, 'trail view');


INSERT INTO room_view(hotel_brand_name, hotel_name, room_id, view)
	VALUES ('Geometric', 'Circle', 101, 'lake view');
INSERT INTO room_view(hotel_brand_name, hotel_name, room_id, view)
	VALUES ('Geometric', 'Circle', 102, 'road view');
INSERT INTO room_view(hotel_brand_name, hotel_name, room_id, view)
	VALUES ('Geometric', 'Circle', 103, 'forest view');
INSERT INTO room_view(hotel_brand_name, hotel_name, room_id, view)
	VALUES ('Geometric', 'Circle', 103, 'lake view');
INSERT INTO room_view(hotel_brand_name, hotel_name, room_id, view)
	VALUES ('Geometric', 'Circle', 104, 'trail view');
INSERT INTO room_view(hotel_brand_name, hotel_name, room_id, view)
	VALUES ('Geometric', 'Circle', 105, 'lake view');

INSERT INTO room_view(hotel_brand_name, hotel_name, room_id, view)
	VALUES ('Geometric', 'Diamond', 101, 'road view');
INSERT INTO room_view(hotel_brand_name, hotel_name, room_id, view)
	VALUES ('Geometric', 'Diamond', 101, 'lake view');
INSERT INTO room_view(hotel_brand_name, hotel_name, room_id, view)
	VALUES ('Geometric', 'Diamond', 102, 'forest view');
INSERT INTO room_view(hotel_brand_name, hotel_name, room_id, view)
	VALUES ('Geometric', 'Diamond', 103, 'forest view');
INSERT INTO room_view(hotel_brand_name, hotel_name, room_id, view)
	VALUES ('Geometric', 'Diamond', 104, 'lake view');
INSERT INTO room_view(hotel_brand_name, hotel_name, room_id, view)
	VALUES ('Geometric', 'Diamond', 105, 'trail view');

INSERT INTO room_view(hotel_brand_name, hotel_name, room_id, view)
	VALUES ('Geometric', 'Rectangle', 101, 'lake view');
INSERT INTO room_view(hotel_brand_name, hotel_name, room_id, view)
	VALUES ('Geometric', 'Rectangle', 102, 'trail view');
INSERT INTO room_view(hotel_brand_name, hotel_name, room_id, view)
	VALUES ('Geometric', 'Rectangle', 103, 'lake view');
INSERT INTO room_view(hotel_brand_name, hotel_name, room_id, view)
	VALUES ('Geometric', 'Rectangle', 104, 'road view');
INSERT INTO room_view(hotel_brand_name, hotel_name, room_id, view)
	VALUES ('Geometric', 'Rectangle', 104, 'lake view');
INSERT INTO room_view(hotel_brand_name, hotel_name, room_id, view)
	VALUES ('Geometric', 'Rectangle', 105, 'forest view');

INSERT INTO room_view(hotel_brand_name, hotel_name, room_id, view)
	VALUES ('Geometric', 'Square', 101, 'trail view');
INSERT INTO room_view(hotel_brand_name, hotel_name, room_id, view)
	VALUES ('Geometric', 'Square', 102, 'lake view');
INSERT INTO room_view(hotel_brand_name, hotel_name, room_id, view)
	VALUES ('Geometric', 'Square', 103, 'lake view');
INSERT INTO room_view(hotel_brand_name, hotel_name, room_id, view)
	VALUES ('Geometric', 'Square', 104, 'forest view');
INSERT INTO room_view(hotel_brand_name, hotel_name, room_id, view)
	VALUES ('Geometric', 'Square', 105, 'road view');
INSERT INTO room_view(hotel_brand_name, hotel_name, room_id, view)
	VALUES ('Geometric', 'Square', 105, 'forest view');

INSERT INTO room_view(hotel_brand_name, hotel_name, room_id, view)
	VALUES ('Geometric', 'Trapezoid', 101, 'lake view');
INSERT INTO room_view(hotel_brand_name, hotel_name, room_id, view)
	VALUES ('Geometric', 'Trapezoid', 102, 'forest view');
INSERT INTO room_view(hotel_brand_name, hotel_name, room_id, view)
	VALUES ('Geometric', 'Trapezoid', 103, 'lake view');
INSERT INTO room_view(hotel_brand_name, hotel_name, room_id, view)
	VALUES ('Geometric', 'Trapezoid', 104, 'road view');
INSERT INTO room_view(hotel_brand_name, hotel_name, room_id, view)
	VALUES ('Geometric', 'Trapezoid', 104, 'lake view');
INSERT INTO room_view(hotel_brand_name, hotel_name, room_id, view)
	VALUES ('Geometric', 'Trapezoid', 105, 'trail view');


INSERT INTO room_view(hotel_brand_name, hotel_name, room_id, view)
	VALUES ('Hyatt', 'Grand Hyatt', 101, 'lake view');
INSERT INTO room_view(hotel_brand_name, hotel_name, room_id, view)
	VALUES ('Hyatt', 'Grand Hyatt', 102, 'road view');
INSERT INTO room_view(hotel_brand_name, hotel_name, room_id, view)
	VALUES ('Hyatt', 'Grand Hyatt', 103, 'forest view');
INSERT INTO room_view(hotel_brand_name, hotel_name, room_id, view)
	VALUES ('Hyatt', 'Grand Hyatt', 103, 'lake view');
INSERT INTO room_view(hotel_brand_name, hotel_name, room_id, view)
	VALUES ('Hyatt', 'Grand Hyatt', 104, 'trail view');
INSERT INTO room_view(hotel_brand_name, hotel_name, room_id, view)
	VALUES ('Hyatt', 'Grand Hyatt', 105, 'lake view');

INSERT INTO room_view(hotel_brand_name, hotel_name, room_id, view)
	VALUES ('Hyatt', 'Hyatt Place', 101, 'road view');
INSERT INTO room_view(hotel_brand_name, hotel_name, room_id, view)
	VALUES ('Hyatt', 'Hyatt Place', 101, 'lake view');
INSERT INTO room_view(hotel_brand_name, hotel_name, room_id, view)
	VALUES ('Hyatt', 'Hyatt Place', 102, 'forest view');
INSERT INTO room_view(hotel_brand_name, hotel_name, room_id, view)
	VALUES ('Hyatt', 'Hyatt Place', 103, 'forest view');
INSERT INTO room_view(hotel_brand_name, hotel_name, room_id, view)
	VALUES ('Hyatt', 'Hyatt Place', 104, 'lake view');
INSERT INTO room_view(hotel_brand_name, hotel_name, room_id, view)
	VALUES ('Hyatt', 'Hyatt Place', 105, 'trail view');

INSERT INTO room_view(hotel_brand_name, hotel_name, room_id, view)
	VALUES ('Hyatt', 'Hyatt Regency', 101, 'lake view');
INSERT INTO room_view(hotel_brand_name, hotel_name, room_id, view)
	VALUES ('Hyatt', 'Hyatt Regency', 102, 'trail view');
INSERT INTO room_view(hotel_brand_name, hotel_name, room_id, view)
	VALUES ('Hyatt', 'Hyatt Regency', 103, 'lake view');
INSERT INTO room_view(hotel_brand_name, hotel_name, room_id, view)
	VALUES ('Hyatt', 'Hyatt Regency', 104, 'road view');
INSERT INTO room_view(hotel_brand_name, hotel_name, room_id, view)
	VALUES ('Hyatt', 'Hyatt Regency', 104, 'lake view');
INSERT INTO room_view(hotel_brand_name, hotel_name, room_id, view)
	VALUES ('Hyatt', 'Hyatt Regency', 105, 'forest view');

INSERT INTO room_view(hotel_brand_name, hotel_name, room_id, view)
	VALUES ('Hyatt', 'Hyatt Zilara', 101, 'trail view');
INSERT INTO room_view(hotel_brand_name, hotel_name, room_id, view)
	VALUES ('Hyatt', 'Hyatt Zilara', 102, 'lake view');
INSERT INTO room_view(hotel_brand_name, hotel_name, room_id, view)
	VALUES ('Hyatt', 'Hyatt Zilara', 103, 'lake view');
INSERT INTO room_view(hotel_brand_name, hotel_name, room_id, view)
	VALUES ('Hyatt', 'Hyatt Zilara', 104, 'forest view');
INSERT INTO room_view(hotel_brand_name, hotel_name, room_id, view)
	VALUES ('Hyatt', 'Hyatt Zilara', 105, 'road view');
INSERT INTO room_view(hotel_brand_name, hotel_name, room_id, view)
	VALUES ('Hyatt', 'Hyatt Zilara', 105, 'forest view');

INSERT INTO room_view(hotel_brand_name, hotel_name, room_id, view)
	VALUES ('Hyatt', 'Park Hyatt', 101, 'lake view');
INSERT INTO room_view(hotel_brand_name, hotel_name, room_id, view)
	VALUES ('Hyatt', 'Park Hyatt', 102, 'forest view');
INSERT INTO room_view(hotel_brand_name, hotel_name, room_id, view)
	VALUES ('Hyatt', 'Park Hyatt', 103, 'lake view');
INSERT INTO room_view(hotel_brand_name, hotel_name, room_id, view)
	VALUES ('Hyatt', 'Park Hyatt', 104, 'road view');
INSERT INTO room_view(hotel_brand_name, hotel_name, room_id, view)
	VALUES ('Hyatt', 'Park Hyatt', 104, 'lake view');
INSERT INTO room_view(hotel_brand_name, hotel_name, room_id, view)
	VALUES ('Hyatt', 'Park Hyatt', 105, 'trail view');

-----------------------------------------------------Book-----------------------------------------------------------
INSERT INTO book (customer_id, hotel_brand_name, hotel_name, room_id, check_in_date, room_type, total_number_occupants)
	VALUES (135790, 'Hilton', 'Hilton Garden Inn', 101, '2021-03-19', 'Non-smoking', 2);
INSERT INTO book (customer_id, hotel_brand_name, hotel_name, room_id, check_in_date, room_type, total_number_occupants)
	VALUES (334455, 'Hilton', 'Double Tree', 102, '2021-03-19', 'Non-smoking', 2);
INSERT INTO book (customer_id, hotel_brand_name, hotel_name, room_id, check_in_date, room_type, total_number_occupants)
	VALUES (334456, 'Marriott', 'Sheraton', 102, '2021-02-19', 'Non-smoking', 2);

-----------------------------------------------------Rent-----------------------------------------------------------
INSERT INTO rent (customer_id, hotel_brand_name, hotel_name, room_id, check_in_employee_id, check_in_date, room_type, total_number_occupants, bill_amount, duration)
	VALUES (135792, 'Marriott', 'Delta', 103, 335580, '2021-03-18', 'Non-smoking', 1, 360.00, interval'2 day');

INSERT INTO rent (customer_id, hotel_brand_name, hotel_name, room_id, check_in_employee_id, check_in_date, room_type, total_number_occupants, bill_amount, duration)
	VALUES (334455, 'Hilton', 'Double Tree', 102, 335578, '2021-03-19', 'Non-smoking', 2, 512.00, interval'4 day');
INSERT INTO rent (customer_id, hotel_brand_name, hotel_name, room_id, check_in_employee_id, check_in_date, room_type, total_number_occupants, bill_amount, duration)
	VALUES (100001, 'Hilton', 'Double Tree', 104, 335578, '2021-03-20', 'Non-smoking', 2, 1164.00, interval'3 day');
INSERT INTO rent (customer_id, hotel_brand_name, hotel_name, room_id, check_in_employee_id, check_in_date, room_type, total_number_occupants, bill_amount, duration)
	VALUES (100002, 'Hilton', 'Double Tree', 105, 335578, '2021-03-18', 'Non-smoking', 1, 264.00, interval'3 day');

INSERT INTO rent (customer_id, hotel_brand_name, hotel_name, room_id, check_in_employee_id, check_in_date, room_type, total_number_occupants, bill_amount, duration)
	VALUES (100003, 'Fruit', 'Lemon', 101, 335600, '2021-01-10', 'Non-smoking', 2, 300.00, interval'2 day');
INSERT INTO rent (customer_id, hotel_brand_name, hotel_name, room_id, check_in_employee_id, check_in_date, room_type, total_number_occupants, bill_amount, duration)
	VALUES (100004, 'Galaxy', 'Jupiter', 101, 335606, '2021-01-10', 'Non-smoking', 2, 465.00, interval'3 day');


-------------------------------------------------Rent_history-------------------------------------------------------
INSERT INTO rent_history(customer_id, hotel_brand_name, hotel_name, room_id, check_in_employee_id, check_in_date, room_type, total_number_occupants, bill_amount, duration, check_out_employee_id, check_out_date)
	VALUES(100029, 'Galaxy', 'Jupiter', 102, 335606, '2020-12-24', 'Non-smoking', 2, 310.00, interval'2 day', 335606, '2020-12-26');
INSERT INTO rent_history(customer_id, hotel_brand_name, hotel_name, room_id, check_in_employee_id, check_in_date, room_type, total_number_occupants, bill_amount, duration, check_out_employee_id, check_out_date)
	VALUES(100028, 'Geometric', 'Circle', 101, 335617, '2021-01-04', 'Non-smoking', 1, 294.00, interval'3 day', 335617, '2021-01-07');
INSERT INTO rent_history(customer_id, hotel_brand_name, hotel_name, room_id, check_in_employee_id, check_in_date, room_type, total_number_occupants, bill_amount, duration, check_out_employee_id, check_out_date)
	VALUES(100027, 'Hilton', 'CONRAD', 101, 335587, '2021-02-02', 'Non-smoking', 2, 235.00, interval'1 day', 335587, '2021-02-03');
INSERT INTO rent_history(customer_id, hotel_brand_name, hotel_name, room_id, check_in_employee_id, check_in_date, room_type, total_number_occupants, bill_amount, duration, check_out_employee_id, check_out_date)
	VALUES(100026, 'Hyatt', 'Park Hyatt', 101, 335634, '2021-02-04', 'Non-smoking', 2, 404.00, interval'2 day', 335634, '2021-02-06');
INSERT INTO rent_history(customer_id, hotel_brand_name, hotel_name, room_id, check_in_employee_id, check_in_date, room_type, total_number_occupants, bill_amount, duration, check_out_employee_id, check_out_date)
	VALUES(100025, 'Galaxy', 'Jupiter', 103, 335606, '2020-2-24', 'Non-smoking', 2, 165.00, interval'1 day', 335606, '2021-02-05');